Title,頂点,時計,総和,最高,素,区間,遷移,最小,キュー,ハッシュ,最大,クエリ,部分,進,グラフ,十分,辺,倍数,回転,再帰,if,abs,top,find,rep,length,max,push,empty,sort,swap,%,map,priority_queue,pop,bit,tuple,min,while,push_back,Union,vector,que,reverse,size,隣,二進,素因,classifier
C100,0.0,0.0,0.5551259949842049,0.9645819571142645,0.0,0.0,0.0,0.0,0.0,0.0,0.0,0.0,0.0,0.0,0.0,0.0,0.0,0.0,0.0,0.0,0.0,0.0,0.0,0.0,0.6754305423515706,0.0,0.0,0.0,0.0,0.0,0.0,0.4652932448635876,0.0,0.0,0.0,0.0,0.0,0.0,0.4215658674530679,0.0,0.0,0.0,0.0,0.0,0.0,0.0,0.0,0.0,1.0
C103,0.0,0.0,0.0,0.0,0.0,0.0,0.0,0.0,0.0,0.0,0.0,0.0,0.0,0.0,0.0,0.0,0.0,0.0,0.0,0.0,0.0,0.0,0.0,0.0,2.026291626987169,0.0,0.0,0.0,0.0,0.0,0.0,0.0,0.0,0.0,0.0,0.0,0.0,0.0,0.0,0.0,0.0,0.0,0.0,0.0,0.0,0.0,0.0,0.0,11.0
C104,0.0,0.0,0.0,0.0,0.0,0.0,0.23998167905785686,0.20433945290675515,0.0,0.0,0.7263710313080892,0.0,0.0,0.0,0.0,0.0,0.0,0.0,0.0,0.0,0.0,0.0,0.0,0.0,1.157880929756577,0.0,0.0,0.0,0.0,0.0,0.0,0.0,0.0,0.0,0.0,0.0,0.0,0.0,0.0,0.0,0.0,0.0,0.0,0.0,0.0,0.0,0.0,0.0,5.0
C106,0.0,0.0,0.0,0.0,0.0,0.0,0.0,0.0,0.0,0.0,0.0,0.0,0.0,0.0,0.0,0.0,0.0,0.0,0.0,0.0,1.474457979521393,0.0,0.0,0.0,0.0,0.0,0.0,0.0,0.0,0.0,0.0,0.0,0.0,0.0,0.0,0.0,0.0,0.0,0.0,0.0,0.0,0.0,0.0,0.0,0.0,0.0,0.0,0.0,9.0
C109,0.0,0.0,0.0,0.0,0.0,0.0,0.0,0.0,0.0,0.0,0.0,0.0,0.0,0.0,0.0,0.0,0.0,0.0,0.0,0.0,0.0,1.9978661367270487,0.0,0.0,1.013145813518913,0.0,0.0,0.0,0.0,0.0,0.0,0.0,0.0,0.0,0.0,0.0,0.0,0.0,0.0,0.0,0.0,0.0,0.0,0.0,0.0,0.0,0.0,0.0,10.0
C110,0.0,0.0,0.0,0.0,0.0,0.0,0.0,0.0,0.0,0.2830191423440999,0.0,0.0,0.0,0.0,0.0,0.0,0.0,0.0,0.0,0.0,0.4095716609963679,0.0,0.0,0.0,0.5628587852992295,0.21613176432636397,0.0,0.0,0.0,0.16985903527467083,0.0,0.0,0.16095111027054368,0.0,0.0,0.0,0.0,0.0,0.0,0.16095111027054368,0.0,0.3704441562209568,0.0,0.0,0.0,0.0,0.0,0.0,1.0
C112,0.2248881723674499,0.0,0.0,0.0,0.0,0.0,0.0,0.0,0.0,0.0,0.0,0.0,0.0,0.0,0.0,0.0,0.0,0.0,0.0,0.0,0.3159552813395537,1.1416377924358427,0.0,0.0,0.7236755810978607,0.0,0.20183293006311093,0.0,0.0,0.0,0.0,0.0,0.0,0.0,0.0,0.0,0.0,0.0,0.0,0.0,0.0,0.0,0.0,0.0,0.0,0.0,0.0,0.0,2.0
C113,0.0,0.0,0.0,0.0,0.0,0.0,0.0,0.0,0.0,0.0,0.0,0.0,0.0,0.0,0.0,0.0,0.0,0.0,0.0,0.0,0.0,0.0,0.0,0.0,0.900574056473764,0.0,0.0,0.0,0.0,0.3397180705474543,0.0,0.3101954965774484,0.0,0.0,0.0,0.0,0.0,0.0,0.0,0.321902220539299,0.0,0.24696277081259913,0.0,0.0,0.32397912420729286,0.0,0.0,0.0,1.0
C114,0.0,0.0,0.0,0.0,0.0,0.0,0.0,0.0,0.0,0.0,0.0,0.0,0.0,1.0132226718358197,0.0,0.0,0.0,0.0,0.0,0.0,0.18430724744708563,0.0,0.0,0.0,1.0131458135315774,0.0,0.0,0.0,0.0,0.0,0.0,0.34896993364914475,0.0,0.0,0.0,0.0,0.0,0.0,0.0,0.0,0.0,0.0,0.0,0.0,0.0,0.0,0.0,0.0,1.0
C115,0.0,0.0,0.0,0.0,0.0,0.0,0.0,0.7151880851608718,0.0,0.0,0.0,0.0,0.0,0.0,0.0,0.0,0.0,0.0,0.0,0.0,0.0,0.0,0.0,0.0,1.013145813518913,0.0,0.0,0.0,0.0,0.764365658721156,0.0,0.0,0.0,0.0,0.0,0.0,0.0,0.0,0.0,0.0,0.0,0.0,0.0,0.0,0.0,0.0,0.0,0.0,1.0
C116,0.0,0.0,0.0,0.0,0.0,0.9281479633452288,0.0,0.0,0.0,0.0,0.0,0.0,0.0,0.0,0.0,0.0,0.0,0.0,0.0,0.41916165539439987,0.14042456948458046,0.0,0.0,0.0,0.4824503873997225,0.0,0.0,0.0,0.0,0.0,0.0,0.0,0.0,0.0,0.0,0.0,0.0,0.0,0.0,0.4138742835531551,0.0,0.10584118749178593,0.0,0.0,0.1388481960897214,0.21826280659210878,0.0,0.0,9.0
C118,0.0,0.0,0.0,0.0,0.0,0.0,0.0,0.0,0.0,0.0,0.8474328698372428,0.0,0.0,0.0,0.0,0.0,0.0,0.0,0.0,0.0,0.0,0.0,0.0,0.0,1.3508610846806268,0.0,0.0,0.0,0.0,0.0,0.0,0.0,0.0,0.0,0.0,0.0,0.0,0.0,0.0,0.0,0.0,0.0,0.0,0.0,0.0,0.0,0.0,0.0,10.0
C119,0.0,0.0,0.0,0.0,0.0,0.0,0.0,0.0,0.0,0.0,0.0,0.0,0.0,0.0,0.0,0.0,0.0,0.0,0.0,0.0,0.0,0.0,0.0,0.0,2.026291626987169,0.0,0.0,0.0,0.0,0.0,0.0,0.0,0.0,0.0,0.0,0.0,0.0,0.0,0.0,0.0,0.0,0.0,0.0,0.0,0.0,0.0,0.0,0.0,15.0
C120,0.0,0.0,0.0,0.0,0.0,0.0,0.0,0.0,0.0,0.0,0.0,0.0,0.0,0.0,0.0,0.0,0.0,0.0,0.0,0.0,0.0,0.0,0.0,0.0,0.0,0.0,0.0,0.0,0.0,0.0,0.0,0.0,0.0,0.0,0.0,0.0,0.0,2.9542783986273538,0.0,0.0,0.0,0.0,0.0,0.0,0.0,0.0,0.0,0.0,9.0
C122,0.0,0.0,0.0,0.0,0.0,0.4060647339603954,0.0,0.0,0.0,0.0,0.0,0.9070018733458309,0.0,0.0,0.0,0.0,0.0,0.0,0.0,0.0,0.36861449489417125,0.0,0.0,0.0,0.759859360148683,0.0,0.0,0.0,0.0,0.0,0.0,0.0,0.0,0.0,0.0,0.0,0.0,0.0,0.0,0.0,0.0,0.0,0.0,0.0,0.0,0.0,0.0,0.0,2.0
C123,0.0,0.0,0.0,0.0,0.0,0.5414196452782712,0.0,0.9535841135557755,0.0,0.0,0.0,0.0,0.5059927382815829,0.0,0.0,0.0,0.0,0.0,0.0,0.0,0.0,0.0,0.0,0.0,0.6754305423515706,0.0,0.0,0.0,0.0,0.0,0.0,0.0,0.0,0.0,0.0,0.0,0.0,0.0,0.0,0.0,0.0,0.0,0.0,0.0,0.0,0.0,0.0,0.0,2.0
C124,0.0,0.0,0.0,0.0,0.0,0.0,0.0,0.0,0.0,0.0,0.0,0.0,0.0,0.0,0.0,0.0,0.0,0.0,0.0,0.0,0.42127370844972917,0.0,0.0,0.0,0.5789404648741533,0.5557673939772269,0.0,0.0,0.0,0.0,0.0,0.7976455626251922,0.0,0.0,0.0,0.0,0.0,0.0,0.0,0.0,0.0,0.0,0.0,0.0,0.0,0.0,0.0,0.0,11.0
C125,0.0,0.0,0.0,0.0,0.0,0.0,0.0,0.0,0.0,0.0,2.5422986093422417,0.0,0.0,0.0,0.0,0.0,0.0,0.0,0.0,0.0,0.0,0.0,0.0,0.0,0.0,0.0,0.0,0.0,0.0,0.0,0.0,0.0,0.0,0.0,0.0,0.0,0.0,0.0,0.0,0.0,0.0,0.0,0.0,0.0,0.0,0.0,0.0,0.0,2.0
C126,0.0,0.0,0.8326889924693682,0.0,0.0,0.0,0.0,0.0,0.0,0.0,0.0,0.0,0.0,0.0,0.0,0.0,0.0,0.0,0.0,0.0,0.0,0.0,0.0,0.0,0.5065729067594565,0.0,0.0,0.0,0.0,0.0,0.0,0.6979398672895653,0.0,0.0,0.0,0.0,0.0,0.0,0.6323488011743323,0.0,0.0,0.0,0.0,0.0,0.0,0.0,0.0,0.0,1.0
C128,0.0,0.0,0.0,0.0,0.0,0.0,0.0,0.0,0.0,0.0,0.0,0.0,0.0,0.0,0.0,0.0,0.0,0.0,0.0,0.0,0.402124903522285,0.0,0.0,0.0,0.9210416486682104,0.0,0.0,0.0,0.0,0.0,0.0,0.2537963153820614,0.0,0.0,0.0,0.0,0.0,0.0,0.0,0.26337454407814037,0.0,0.20206044884708022,0.0,0.0,0.0,0.0,0.0,0.0,1.0
C129,0.0,0.0,0.0,0.0,0.0,0.0,0.6719487013533598,0.0,0.0,0.0,0.0,0.0,0.0,0.0,0.0,0.0,0.0,0.0,0.0,0.0,0.2948915959131253,0.0,0.0,0.0,1.2157749762287746,0.0,0.0,0.0,0.0,0.0,0.0,0.0,0.0,0.0,0.0,0.0,0.0,0.0,0.0,0.0,0.0,0.0,0.0,0.0,0.0,0.0,0.0,0.0,5.0
C130,0.0,0.0,0.0,0.0,0.0,0.0,0.0,0.0,0.0,0.0,1.271149304766457,0.0,0.0,0.0,0.0,0.0,0.0,0.0,0.0,0.0,0.3686144948895636,0.0,0.0,0.0,0.0,0.0,0.0,0.0,0.0,0.0,0.0,0.6979398672895653,0.0,0.0,0.0,0.0,0.0,0.0,0.0,0.0,0.0,0.0,0.0,0.0,0.0,0.0,0.0,0.0,10.0
C131,0.0,0.0,0.0,0.0,0.0,1.6242589357806718,0.0,0.0,0.0,0.0,0.0,0.0,0.0,0.0,0.0,0.0,0.0,0.0,0.0,0.0,0.7372289897606965,0.0,0.0,0.0,0.0,0.0,0.0,0.0,0.0,0.0,0.0,0.0,0.0,0.0,0.0,0.0,0.0,0.0,0.0,0.0,0.0,0.0,0.0,0.0,0.0,0.0,0.0,0.0,2.0
C132,0.0,0.0,0.0,0.0,0.0,0.0,0.0,0.0,0.0,0.0,0.0,0.0,0.0,0.0,0.0,0.0,0.0,0.0,0.0,0.0,0.0,0.0,0.0,0.0,1.0131458134935845,0.0,0.0,0.0,0.0,1.5287313174040937,0.0,0.0,0.0,0.0,0.0,0.0,0.0,0.0,0.0,0.0,0.0,0.0,0.0,0.0,0.0,0.0,0.0,0.0,9.0
C133,0.0,0.0,0.0,0.0,0.0,0.0,0.0,0.31786137118702446,0.0,0.0,0.0,0.0,0.0,0.0,0.0,0.0,0.0,0.0,0.0,0.0,0.163828664397637,0.0,0.0,0.0,0.450287028236882,0.0,0.0,0.0,0.0,0.0,0.0,1.550977482887242,0.0,0.0,0.0,0.0,0.0,0.0,0.0,0.0,0.0,0.0,0.0,0.0,0.0,0.0,0.0,0.0,1.0
C134,0.0,0.0,0.0,0.0,0.0,0.0,0.0,0.0,0.0,0.0,0.8474328698584286,0.0,0.0,0.0,0.0,0.0,0.0,0.0,0.0,0.0,0.2457429965971381,0.0,0.0,0.0,0.844288177946499,0.0,0.23547175174001575,0.0,0.0,0.0,0.0,0.0,0.0,0.0,0.0,0.0,0.0,0.0,0.0,0.0,0.0,0.0,0.0,0.0,0.0,0.0,0.0,0.0,2.0
C135,0.0,0.0,0.0,0.0,0.0,0.0,0.0,0.0,0.0,0.0,0.0,0.0,0.0,0.0,0.0,0.0,0.0,0.0,0.0,0.0,0.0,0.0,0.0,0.0,1.2157749762287746,0.0,0.0,0.0,0.0,0.0,0.0,0.0,0.0,0.0,0.0,0.0,0.0,1.1817113594666975,0.0,0.0,0.0,0.0,0.0,0.0,0.0,0.0,0.0,0.0,9.0
C136,0.0,0.0,0.0,0.0,0.0,0.0,0.0,0.0,0.0,0.0,0.0,0.0,0.0,0.0,0.0,0.0,0.0,0.0,0.0,0.0,0.9829719863639781,0.0,0.0,0.0,0.6754305423403134,0.0,0.0,0.0,0.0,0.0,0.0,0.0,0.0,0.0,0.0,0.0,0.0,0.0,0.0,0.0,0.0,0.0,0.0,0.0,0.0,0.0,0.0,0.0,2.0
C137,0.0,0.0,0.6661511939788253,0.0,0.0,0.0,0.0,0.0,0.0,0.0,0.0,0.0,0.0,0.0,0.0,0.0,0.0,0.0,0.0,0.0,0.0,0.0,0.0,0.0,0.810516650819183,0.0,0.0,0.0,0.0,0.6114925269799822,0.0,0.0,0.5794239969655878,0.0,0.0,0.0,0.0,0.0,0.0,0.0,0.0,0.0,0.0,0.0,0.0,0.0,0.0,0.0,1.0
C138,0.0,0.0,0.0,0.0,0.0,0.0,0.0,0.0,0.0,0.0,0.0,0.0,0.0,0.0,0.0,0.0,0.0,0.0,0.0,0.0,0.0,0.0,0.0,0.0,1.013145813518913,0.0,0.0,0.0,0.0,0.764365658721156,0.0,0.6979398672895653,0.0,0.0,0.0,0.0,0.0,0.0,0.0,0.0,0.0,0.0,0.0,0.0,0.0,0.0,0.0,0.0,1.0
C139,0.0,0.0,0.0,0.0,0.0,0.0,0.0,0.0,0.0,0.0,0.0,0.0,0.5059927382815829,0.0,0.0,0.0,0.0,0.0,0.0,0.0,0.4914859931901805,0.0,0.0,0.0,1.0131458135273559,0.0,0.0,0.0,0.0,0.0,0.0,0.0,0.0,0.0,0.0,0.0,0.0,0.0,0.0,0.0,0.0,0.0,0.0,0.0,0.0,0.0,0.0,0.0,1.0
C140,0.0,0.0,0.47582228141616567,0.0,0.0,0.0,0.0,0.0,0.0,0.0,0.36318551565145046,0.0,0.0,0.0,0.0,0.0,0.0,0.0,0.0,0.0,0.0,0.0,0.0,0.0,0.5789404648741533,0.0,0.0,0.0,0.0,0.0,0.0,0.0,0.0,0.0,0.0,0.0,0.0,1.2661193137215538,0.0,0.0,0.0,0.0,0.0,0.0,0.0,0.0,0.0,0.0,9.0
C141,0.0,0.0,0.0,0.0,0.0,0.0,0.0,0.0,0.0,0.0,0.0,0.0,0.0,0.0,0.0,0.0,0.0,0.0,0.0,0.0,0.0,0.0,0.0,0.0,0.0,0.0,0.0,0.0,0.0,0.0,0.0,0.0,0.0,0.0,0.0,0.0,0.0,0.0,0.0,0.0,0.0,0.0,0.0,0.0,0.0,0.0,0.0,0.0,1.0
C142,0.0,0.0,0.0,0.0,0.0,0.0,0.0,0.0,0.0,0.0,0.0,0.0,0.0,0.0,0.0,0.0,0.0,0.0,0.0,0.0,0.21063685422486458,0.0,0.0,0.0,0.8684106973112299,0.0,0.0,0.0,0.0,0.4367803764167689,0.0,0.0,0.0,0.0,0.0,0.0,0.0,0.0,0.0,0.4138742835492134,0.0,0.3175235624723337,0.0,0.0,0.0,0.0,0.0,0.0,1.0
C143,0.0,0.0,0.0,0.0,0.0,0.0,0.0,0.0,0.0,0.0,0.0,0.0,0.0,0.0,0.0,0.0,0.0,0.0,0.0,0.0,0.0,0.0,0.0,0.0,0.0,0.0,0.0,0.0,0.0,0.0,0.0,0.0,0.0,0.0,0.0,0.0,0.0,0.0,0.0,0.0,0.0,0.0,0.0,0.0,2.9158121176064524,0.0,0.0,0.0,4.0
C144,0.0,0.0,0.0,0.0,0.0,0.0,0.0,1.1443009362631165,0.0,0.0,0.0,0.0,0.0,0.0,0.0,0.0,0.0,0.0,0.0,0.0,0.2948915959131253,0.0,0.0,0.0,0.4052583254095915,0.0,0.0,0.0,0.0,0.0,0.0,0.558351893834444,0.0,0.0,0.0,0.0,0.0,0.0,0.0,0.0,0.0,0.0,0.0,0.0,0.0,0.0,0.0,0.0,10.0
C145,0.0,0.0,0.3330755969927434,0.0,0.0,0.0,0.0,0.0,0.0,0.0,0.25422986095710487,0.0,0.0,0.0,0.0,0.0,0.0,0.0,0.0,0.0,0.0,0.0,0.0,0.0,0.8105166508272882,0.0,0.0,0.0,0.0,0.0,0.0,0.27917594692001374,0.0,0.0,0.0,0.0,0.0,0.0,0.252939520473527,0.289711998485691,0.0,0.2222664937315862,0.0,0.0,0.0,0.0,0.0,0.0,1.0
C146,0.0,0.0,0.0,0.0,0.0,0.0,0.0,0.0,0.0,0.0,0.0,0.0,0.0,0.0,0.0,0.0,0.0,0.0,0.0,0.0,0.49148599318198904,0.0,0.0,0.0,0.0,1.2967905859221618,0.0,0.0,0.0,0.0,0.0,0.0,0.0,0.0,0.0,0.0,0.0,0.0,0.8431317348920836,0.0,0.0,0.0,0.0,0.0,0.0,0.0,0.0,0.0,3.0
C147,0.0,0.0,0.0,0.0,0.0,0.0,0.0,0.0,0.0,0.0,0.16948657397196817,0.0,0.0,0.0,0.0,0.0,0.0,0.0,0.0,0.0,0.49148599319509534,0.0,0.0,0.0,0.5403444338866599,0.0,0.0,0.0,0.0,0.0,0.0,0.0,0.0,0.0,0.0,0.24186716622696577,0.0,0.0,0.0,0.38628266464887556,0.0,0.2963553249764361,0.0,0.0,0.0,0.0,0.0,0.0,1.0
C148,0.0,0.0,0.0,0.0,0.0,0.0,0.0,1.1443009362745595,0.0,0.0,0.25422986095710487,0.0,0.0,0.0,0.0,0.0,0.0,1.5766660208977195,0.0,0.0,0.0,0.0,0.0,0.0,0.0,0.0,0.0,0.0,0.0,0.0,0.0,0.0,0.0,0.0,0.0,0.36280074933923934,0.0,0.0,0.0,0.0,0.0,0.0,0.0,0.0,0.0,0.0,0.0,0.0,10.0
C150,0.0,0.0,0.0,0.0,0.0,0.0,0.0,0.0,0.0,0.0,0.0,0.0,0.0,0.0,0.0,0.0,0.0,0.0,0.0,0.0,0.4536793783334689,0.30736402104025035,0.0,0.0,0.7793429334895756,0.0,0.0,0.0,0.0,0.0,0.0,0.0,0.0,0.0,0.0,0.0,0.0,0.0,0.19456886190316208,0.22285538345104583,0.0,0.17097422594776854,0.0,0.0,0.0,0.0,0.0,0.0,1.0
C151,0.0,0.0,0.0,0.0,0.0,0.0,0.0,0.0,0.0,0.0,0.0,0.0,0.0,0.0,0.0,0.0,0.0,0.0,0.0,0.0,0.884674787739376,0.0,0.0,0.0,0.810516650819183,0.0,0.0,0.0,0.0,0.0,0.0,0.0,0.0,0.0,0.0,0.0,0.0,0.0,0.0,0.0,0.0,0.0,0.0,0.0,0.0,0.0,0.0,0.0,2.0
C152,0.0,0.0,0.0,0.0,0.0,0.0,0.0,1.1443009362631165,0.0,0.0,0.0,0.0,0.0,0.0,0.0,0.0,0.0,0.0,0.0,0.0,0.2948915959131253,0.0,0.0,0.0,0.810516650819183,0.0,0.0,0.0,0.0,0.0,0.0,0.0,0.0,0.0,0.0,0.0,0.0,0.0,0.0,0.0,0.0,0.0,0.0,0.0,0.0,0.0,0.0,0.0,1.0
C154,0.0,0.0,0.0,0.0,0.0,0.0,0.0,0.0,0.0,0.0,0.0,0.0,0.0,0.0,0.0,0.0,0.0,0.0,0.0,0.0,0.24574299659509025,0.0,0.0,0.0,0.6754305423515706,0.0,0.0,0.0,0.0,0.5095771058183505,0.0,0.0,0.0,0.0,0.0,0.0,0.0,0.0,0.0,0.0,0.0,0.0,0.0,0.0,0.0,1.5278396461265726,0.0,0.0,1.0
C155,0.0,0.0,0.0,0.0,0.0,0.0,0.0,0.0,0.0,0.0,0.36318551565145046,0.0,0.0,0.0,0.0,0.0,0.0,0.0,0.0,0.0,0.21063685422486458,0.0,0.0,0.0,0.28947023243707665,0.0,0.0,0.0,0.0,0.0,0.0,0.0,1.6554971341968536,0.0,0.0,0.0,0.0,0.0,0.0,0.0,0.0,0.0,0.0,0.0,0.0,0.0,0.0,0.0,1.0
C156,0.0,0.0,0.0,0.0,0.0,0.0,0.0,0.4086789058105912,0.0,0.0,0.0,0.0,0.8674161227704932,0.0,0.0,0.0,0.0,0.0,0.0,0.0,0.0,0.0,0.0,0.0,0.8684106973112299,0.0,0.0,0.0,0.0,0.4367803764167689,0.0,0.0,0.0,0.0,0.0,0.0,0.0,0.0,0.0,0.0,0.0,0.0,0.0,0.0,0.0,0.0,0.0,0.0,1.0
C157,0.0,0.0,0.0,0.0,0.0,0.0,0.0,0.0,0.0,0.0,0.0,0.0,0.0,0.0,0.0,0.0,0.0,0.0,0.0,0.0,0.5529217423412569,0.0,0.0,0.0,1.0131458135315774,0.48629646973094187,0.0,0.0,0.0,0.0,0.0,0.0,0.0,0.0,0.0,0.0,0.0,0.0,0.0,0.0,0.0,0.0,0.0,0.0,0.0,0.0,0.0,0.0,1.0
C160,0.0,0.0,0.0,0.0,0.0,0.0,0.0,0.0,0.0,0.0,0.0,0.0,0.0,0.0,0.0,0.0,0.0,0.0,0.0,0.0,0.0,0.0,0.0,0.0,1.3508610846806268,0.0,0.0,0.0,0.0,0.0,0.0,0.0,0.0,0.0,0.0,0.0,0.0,0.9847594662091178,0.0,0.0,0.0,0.0,0.0,0.0,0.0,0.0,0.0,0.0,9.0
C167,0.0,0.0,0.0,0.0,0.0,0.0,0.0,0.19071682271306228,0.0,0.0,0.16948657397196817,0.0,0.0,0.0,0.0,0.0,0.0,0.0,0.0,0.0,0.39318879455607625,0.0,0.0,0.0,0.8105166508299899,0.0,0.0,0.0,0.0,0.0,0.0,0.0,0.0,0.0,0.0,0.48373433245393155,0.0,0.0,0.0,0.0,0.0,0.14817766248821804,0.0,0.0,0.0,0.0,0.0,0.0,1.0
C169,0.0,0.0,0.0,0.0,0.0,0.0,0.0,0.0,0.0,0.0,0.0,0.0,0.0,0.0,0.0,0.0,0.0,0.0,0.0,0.0,0.0,0.0,0.0,0.0,0.0,0.0,0.0,0.0,0.0,0.0,0.0,0.0,0.0,0.0,0.0,0.0,0.0,0.0,0.0,0.0,0.0,0.0,0.0,0.0,0.0,0.0,0.0,0.0,1.0
C170,0.0,0.0,0.0,0.0,0.0,0.0,0.0,0.8173578116211824,0.0,0.0,0.0,0.0,0.0,0.0,0.0,0.0,0.0,0.0,0.0,0.0,0.42127370844972917,0.5708188962138441,0.0,0.0,0.5789404648741533,0.0,0.0,0.0,0.0,0.0,0.0,0.0,0.0,0.0,0.0,0.0,0.0,0.0,0.0,0.0,0.0,0.0,0.0,0.0,0.0,0.0,0.0,0.0,1.0
C171,0.0,0.0,0.0,0.0,0.0,0.0,0.0,0.0,0.0,0.0,0.0,0.0,0.0,2.533056679589549,0.0,0.0,0.0,0.0,0.0,0.5501496727008927,0.0,0.0,0.0,0.0,0.0,0.0,0.0,0.0,0.0,0.0,0.0,0.34896993364914475,0.0,0.0,0.0,0.0,0.0,0.0,0.31617440059111834,0.0,0.0,0.0,0.0,0.0,0.0,0.0,0.0,0.0,11.0
C172,0.0,0.0,0.0,0.0,0.0,0.0,0.0,0.2860752340686399,0.0,0.0,0.5084597219142097,0.0,0.0,0.0,0.0,0.0,0.0,0.0,0.0,0.0,0.1474457979580371,0.0,0.0,0.0,1.0131458135341103,0.0,0.0,0.0,0.0,0.0,0.0,0.0,0.0,0.0,0.0,0.0,0.0,0.0,0.252939520473527,0.0,0.0,0.0,0.0,0.0,0.0,0.0,0.0,0.0,3.0
C173,0.0,0.0,0.0,0.0,0.0,0.0,0.0,0.0,0.0,0.0,0.14123881164346377,0.0,0.16866424609573505,0.0,0.0,0.0,0.0,0.0,0.0,0.0,0.3276573287970943,0.0,0.0,0.0,1.125717570598459,0.0,0.0,0.0,0.0,0.0,0.0,0.0,0.0,0.0,0.0,0.4031119437120576,0.0,0.0,0.0,0.0,0.0,0.0,0.0,0.0,0.0,0.0,0.0,0.0,1.0
C175,0.0,0.0,0.0,0.0,0.0,0.0,0.0,0.4767920567778878,0.0,0.0,0.0,0.0,0.5059927382815829,0.0,0.0,0.0,0.0,0.0,0.0,0.0,0.24574299659509025,0.6659553789145658,0.0,0.0,0.0,0.0,0.0,0.0,0.0,0.0,0.0,0.4652932448635876,0.0,0.0,0.0,0.0,0.0,0.4923797331127652,0.0,0.0,0.0,0.0,0.0,0.0,0.0,0.0,0.0,0.0,1.0
C176,0.0,0.0,0.0,0.0,0.0,0.0,0.0,0.0,0.0,0.0,0.7263710313029009,0.0,0.0,0.0,0.0,0.0,0.0,0.0,0.0,0.0,0.0,0.0,0.0,0.0,0.0,0.0,0.807331720246677,0.0,0.0,0.0,0.0,0.0,0.0,0.0,0.0,0.5182867847681207,0.0,0.0,0.0,0.0,0.0,0.6350471249446674,0.0,0.0,0.0,0.0,0.0,0.0,2.0
C177,0.0,0.0,0.0,0.0,0.0,1.4765990325882898,0.0,0.0,0.0,0.0,0.0,0.0,0.2759960390647725,0.0,0.0,0.0,0.0,0.0,0.0,0.0,0.13404163450742834,0.0,0.0,0.0,0.0,0.0,0.0,0.0,0.0,0.0,0.0,0.5075926307641228,0.0,0.0,0.0,0.0,0.0,0.0,0.0,0.0,0.0,0.40412089769416043,0.0,0.0,0.0,0.0,0.0,0.0,11.0
C178,0.0,0.0,0.0,0.0,0.0,0.0,0.0,0.0,0.0,0.0,0.0,0.0,0.0,0.0,0.0,0.0,0.0,0.0,0.0,0.0,0.0,0.0,0.0,0.0,0.0,0.0,0.0,0.0,0.0,0.0,0.0,0.0,0.0,0.0,0.0,0.0,0.0,0.0,0.0,0.0,0.0,0.0,0.0,0.0,0.0,0.0,0.0,0.0,11.0
C179,0.0,0.0,0.0,0.0,0.0,0.0,0.0,0.0,0.0,0.0,0.0,0.0,0.0,0.0,0.0,0.0,0.0,0.0,0.0,0.0,0.0,0.0,0.0,0.0,0.0,0.0,0.0,0.0,0.0,0.0,0.0,0.0,0.0,0.0,0.0,0.0,0.0,0.0,0.0,0.0,0.0,0.0,0.0,0.0,0.0,0.0,0.0,0.0,1.0
C180,0.0,0.0,0.0,0.0,0.0,0.0,0.0,0.0,0.0,0.0,0.0,0.0,0.0,0.0,0.0,0.0,0.0,0.0,0.0,0.0,1.47445797944767,0.0,0.0,0.0,0.0,0.0,0.0,0.0,0.0,0.0,0.0,0.0,0.0,0.0,0.0,0.0,0.0,0.0,0.0,0.0,0.0,0.0,0.0,0.0,0.0,0.0,0.0,0.0,10.0
C181,0.0,0.0,0.0,0.0,0.0,0.0,0.0,0.0,0.0,0.0,0.0,0.0,0.0,0.0,0.0,0.0,0.0,0.0,0.0,0.0,0.5897831918262506,0.0,0.0,0.0,0.0,0.0,0.0,0.0,0.0,0.0,0.0,0.0,0.5794239969655878,0.0,0.0,0.0,0.9880387764592077,0.0,0.0,0.0,0.0,0.444532987458727,0.0,0.0,0.0,0.0,0.0,0.0,1.0
C182,0.0,0.0,0.0,0.0,0.0,0.0,0.0,0.0,0.0,0.0,0.0,0.0,0.0,0.5526669119148433,0.0,0.1527156139463056,0.0,0.7166663731392361,0.0,0.0,0.5361665380321504,0.0,0.0,0.0,0.0,0.0,0.0,0.0,0.0,0.0,0.0,0.50759263076643,0.0,0.0,0.0,0.16490943151873558,0.0,0.0,0.11497250930677577,0.0,0.0,0.0,0.0,0.0,0.0,0.0,0.0,0.0,1.0
C183,0.0,0.0,0.0,0.0,0.0,0.0,0.0,0.0,0.0,0.0,0.0,0.0,0.0,0.0,0.0,0.0,0.0,0.0,0.0,0.0,0.0,0.0,0.0,0.0,0.0,0.0,0.0,0.0,0.0,0.0,0.0,0.0,0.0,0.0,0.0,0.0,0.0,0.0,0.0,0.0,0.0,0.0,0.0,0.0,0.0,0.0,0.0,0.0,1.0
C185,0.0,0.0,0.0,0.0,0.0,0.0,0.0,0.0,0.0,0.0,0.5084597219091251,0.0,0.0,0.0,0.0,0.0,0.0,0.0,0.0,0.0,0.0,0.0,0.0,0.0,0.0,0.0,0.0,0.0,0.0,0.0,0.0,0.0,0.0,0.0,0.0,2.902405994684891,0.0,0.0,0.0,0.0,0.0,0.0,0.0,0.0,0.0,0.0,0.0,0.0,1.0
C186,0.0,0.0,0.0,0.0,0.0,0.0,0.0,0.0,0.0,0.0,0.0,0.0,0.0,2.315937535620595,0.0,0.0,0.0,0.0,0.0,0.0,0.42127370844972917,0.0,0.0,0.0,0.0,0.0,0.0,0.0,0.0,0.0,0.0,0.0,0.0,0.0,0.0,0.0,0.0,0.0,0.36134217210348996,0.0,0.0,0.0,0.0,0.0,0.0,0.0,0.0,0.0,3.0
C187,0.0,0.0,0.0,0.0,0.0,0.0,0.0,0.0,0.0,0.0,0.0,0.0,0.0,0.0,0.0,0.0,0.0,0.0,0.0,0.0,0.7372289897791272,0.0,0.0,0.0,0.0,0.0,0.0,0.0,0.0,0.0,0.0,0.0,0.0,0.0,0.0,0.0,0.0,0.0,0.0,0.0,0.0,1.111332468641261,0.0,0.0,0.0,0.0,0.0,0.0,5.0
C188,0.0,0.0,0.0,0.0,0.0,0.0,0.0,0.0,0.0,0.0,0.0,0.0,0.0,0.0,0.0,0.0,0.0,0.0,0.0,0.0,0.2457429965971381,0.0,0.0,0.0,0.0,0.0,0.4709435034800315,0.0,0.0,0.0,0.0,0.0,0.0,0.0,0.0,0.0,0.0,0.0,0.0,0.48285333081028975,0.0,1.1113324686597832,0.0,0.0,0.0,0.0,0.0,0.0,3.0
C189,0.0,0.0,0.0,0.0,0.0,0.9281479633363892,0.0,0.4086789058105912,0.0,0.0,0.0,0.0,0.0,0.0,0.0,0.0,0.0,0.0,0.0,0.0,0.0,0.0,0.0,0.0,0.0,0.0,0.4036658601233385,0.0,0.0,0.0,0.0,0.0,0.0,0.0,0.0,0.0,0.0,1.2661193137215538,0.0,0.0,0.0,0.0,0.0,0.0,0.0,0.0,0.0,0.0,1.0
C190,0.0,0.0,0.0,0.0,0.0,0.0,0.0,0.0,0.0,0.0,0.0,0.0,0.0,0.0,0.0,0.0,0.0,0.0,0.0,0.0,0.2764608711723564,0.0,0.0,0.0,0.0,0.0,0.0,0.0,0.0,0.0,0.0,0.0,0.5432099971627078,0.0,0.0,0.9070018733514997,0.6175242352954958,0.0,0.0,0.0,0.0,0.5556662343310492,0.0,0.0,0.0,0.0,0.0,0.0,1.0
C191,2.0989562753745594,0.0,0.0,0.0,0.0,0.0,0.0,0.0,0.0,0.0,0.0,0.0,0.0,0.0,0.0,0.0,0.0,0.0,0.0,0.0,0.0,0.0,0.0,0.0,0.0,0.0,0.0,0.0,0.0,0.0,0.0,0.0,0.0,0.0,0.0,0.0,0.0,0.0,0.0,0.0,0.0,0.0,0.0,0.0,0.0,1.5278396461011086,0.0,0.0,7.0
C192,0.0,0.0,0.0,0.0,0.0,0.0,0.0,0.0,0.0,0.0,0.0,0.0,0.0,0.0,0.0,0.0,0.8399358766875001,0.0,0.0,0.0,0.0,0.0,0.0,0.0,0.5065729067594565,0.0,0.0,0.0,0.0,1.528731317442312,0.0,0.0,0.0,0.0,0.0,0.0,0.0,0.0,0.0,0.0,0.0,0.0,0.0,0.0,0.0,0.0,0.0,0.0,1.0
C193,0.0,0.0,0.0,0.0,0.0,0.0,0.0,0.0,0.0,0.0,0.0,0.0,0.0,0.0,0.0,0.0,0.0,0.0,0.0,0.0,0.0,0.0,0.0,0.0,0.0,0.0,0.0,0.0,0.0,0.0,0.0,0.0,0.0,0.0,0.0,0.0,0.0,0.0,0.0,0.0,0.0,0.0,0.0,0.0,0.0,0.0,0.0,0.0,3.0
C194,0.0,0.0,1.4803359866327703,0.0,0.0,0.0,0.0,0.0,0.0,0.0,0.0,0.0,0.0,0.0,0.0,0.0,0.0,0.0,0.0,0.0,0.327657328795274,0.0,0.0,0.0,0.450287028236882,0.0,0.0,0.0,0.0,0.0,0.0,0.0,0.321902220539299,0.0,0.0,0.0,0.0,0.0,0.0,0.0,0.0,0.0,0.0,0.0,0.0,0.0,0.0,0.0,1.0
C195,0.0,0.0,0.47582228141616567,0.0,0.0,0.0,0.0,0.0,0.0,0.0,0.0,0.0,0.4337080613852466,0.0,0.0,0.0,0.0,0.0,0.0,0.0,0.6319105626745938,0.0,0.0,0.0,0.28947023243707665,0.0,0.0,0.0,0.0,0.0,0.0,0.3988227813125961,0.0,0.0,0.0,0.0,0.0,0.0,0.0,0.0,0.0,0.0,0.0,0.0,0.0,0.0,0.0,0.0,1.0
C199,0.0,0.0,0.0,0.0,0.0,0.0,0.0,0.0,0.0,0.0,0.0,0.0,0.0,0.0,0.0,0.0,0.0,0.0,0.0,0.0,0.2601984669858428,0.0,0.0,0.0,0.11919362512215084,0.0,0.0,0.0,0.0,0.0,3.505043894092878,0.0,0.0,0.0,0.0,0.0,0.0,0.0,0.0,0.0,0.0,0.0,0.0,0.0,0.0,0.0,0.0,0.0,5.0
C200,0.0,0.0,0.6661511939788253,0.0,0.0,0.0,0.0,0.0,0.0,0.0,0.0,0.0,0.0,0.0,0.0,0.0,0.0,0.7883330104409764,0.0,0.0,0.0,0.0,0.0,0.0,0.810516650819183,0.0,0.0,0.0,0.0,0.0,0.0,0.558351893834444,0.0,0.0,0.0,0.0,0.0,0.0,0.0,0.0,0.0,0.0,0.0,0.0,0.0,0.0,0.0,0.0,11.0
C201,0.0,0.0,0.0,0.0,0.0,0.0,0.0,0.0,0.0,0.0,0.0,0.0,0.25299636914289975,0.0,0.0,0.0,0.0,0.0,0.0,0.0,1.2287149829856907,0.0,0.0,0.0,0.1688576355892998,0.0,0.0,0.0,0.0,0.0,0.0,0.0,0.0,0.0,0.0,0.0,0.0,0.0,0.0,0.0,0.0,0.0,0.0,0.0,0.0,0.0,0.0,0.0,3.0
C202,0.0,0.0,0.0,0.0,0.0,0.0,0.0,0.0,0.0,0.0,0.0,0.0,0.4337080613852466,0.0,0.0,0.0,0.0,0.0,0.0,0.0,0.0,0.0,0.0,0.0,1.7368213946224598,0.0,0.0,0.0,0.0,0.0,0.0,0.0,0.0,0.0,0.0,0.0,0.0,0.0,0.0,0.0,0.0,0.0,0.0,0.0,0.0,0.0,0.0,0.0,1.0
C203,0.0,0.0,0.0,0.0,0.0,0.0,0.0,0.0,0.0,0.0,0.0,0.0,0.0,0.0,0.0,0.0,0.0,0.0,0.0,0.0,0.2948915959131253,0.0,0.0,0.0,0.4052583254095915,0.0,0.0,0.0,0.0,0.6114925269799822,0.0,0.0,0.0,0.0,0.0,0.0,0.0,0.0,0.0,0.5794239969655878,0.0,0.444532987458727,0.0,0.0,0.0,0.0,0.0,0.0,15.0
C208,0.0,0.0,0.0,0.0,0.0,0.0,0.0,0.0,0.0,0.0,0.0,0.0,0.5059927382857995,0.0,0.0,0.0,0.0,0.0,0.0,0.0,0.0,0.0,0.0,0.0,0.6754305423571992,0.0,0.0,0.0,0.0,0.509577105822597,0.0,0.23264662243373252,0.0,0.45831747252370275,0.0,0.0,0.0,0.0,0.0,0.24142666540514487,0.0,0.18522207810996386,0.0,0.0,0.0,0.0,0.0,0.0,1.0
C209,0.0,0.0,0.0,0.0,0.0,0.0,0.0,0.0,0.0,0.0,0.0,0.0,0.7589891074160495,0.0,0.0,0.0,0.0,0.0,0.0,0.0,0.0,0.0,0.0,0.0,1.013145813518913,0.0,0.0,0.0,0.0,0.764365658721156,0.0,0.0,0.0,0.0,0.0,0.0,0.0,0.0,0.0,0.0,0.0,0.0,0.0,0.0,0.0,0.0,0.0,0.0,11.0
C210,0.0,0.0,0.0,0.0,0.0,1.9195787423735022,0.0,0.0,0.0,0.0,0.23111805541681052,0.0,0.0,0.0,0.0,0.0,0.0,0.0,0.0,0.0,0.20106245176205645,0.0,0.0,0.0,0.2763124946017191,0.0,0.0,0.0,0.0,0.0,0.0,0.0,0.13168727203966876,0.0,0.0,0.0,0.0,0.0,0.0,0.0,0.0,0.0,0.0,0.0,0.0,0.0,0.0,0.0,6.0
C211,0.0,0.0,0.0,0.0,0.0,0.0,0.0,0.0,0.0,0.0,0.0,0.0,0.0,0.0,0.0,3.35974350649802,0.0,0.0,0.0,0.0,0.0,0.0,0.0,0.0,0.0,0.0,0.0,0.0,0.0,0.0,0.0,0.0,0.0,0.0,0.0,0.0,0.0,0.0,0.0,0.0,0.0,0.0,0.0,0.0,0.0,0.0,0.0,0.0,5.0
C212,0.0,0.0,0.0,0.0,0.0,0.0,0.0,0.44011574472200005,0.0,0.0,0.0,0.0,0.0,0.0,0.0,0.25844180821601154,0.0,0.0,0.0,0.0,0.11341984458336722,0.0,0.0,0.0,0.0,0.0,0.0,0.0,0.0,0.940757733826936,0.0,0.0,0.0,0.0,0.0,0.0,0.0,0.22725218451562343,0.0,0.0,0.0,0.17097422594776854,0.0,0.0,0.0,1.0577351396355812,0.0,0.0,3.0
C213,0.0,0.0,0.0,0.0,0.0,0.0,0.0,0.0,0.0,0.0,0.0,0.0,0.15978718051179572,0.0,0.0,0.0,0.0,0.0,0.0,0.0,0.0,0.0,0.0,0.0,0.8531754219275027,0.0,0.0,0.0,0.0,0.48275725814920567,0.0,0.0,0.15247999920371755,0.0,0.0,0.0,0.0,0.0,0.0,0.45743999761115267,0.0,0.3509470953673248,0.0,0.0,0.0,0.0,0.0,0.0,4.0
C215,0.0,0.0,0.0,0.0,0.0,0.0,0.0,0.0,0.0,0.0,0.0,0.0,0.0,0.0,0.0,0.0,0.0,0.0,0.0,0.0,0.0,0.0,0.0,0.0,0.0,0.0,0.0,0.0,0.0,0.6114925269799822,0.0,0.0,0.0,0.0,0.0,0.0,0.0,0.0,1.0117580818839904,0.5794239969655878,0.0,0.444532987458727,0.0,0.0,0.0,0.0,0.0,0.0,15.0
C216,0.0,0.0,0.0,0.0,0.0,0.0,0.0,0.0,0.0,0.0,0.0,0.0,0.3794945537127684,1.5198340077537296,0.0,0.0,0.0,0.0,0.0,0.0,0.18430724744708563,0.0,0.0,0.0,0.0,0.0,0.0,0.0,0.0,0.0,0.0,0.34896993364914475,0.0,0.0,0.0,0.0,0.0,0.0,0.31617440059111834,0.0,0.0,0.0,0.0,0.5610260948244603,0.0,0.0,0.0,0.0,11.0
C217,0.0,0.0,0.0,0.0,0.0,0.0,0.0,0.0,0.0,0.0,0.0,0.0,0.0,0.0,0.0,0.0,0.0,0.0,0.0,0.0,0.0,0.0,0.0,0.0,0.0,0.0,0.0,0.0,0.0,0.0,0.0,0.0,0.0,0.0,0.0,0.0,0.0,0.0,0.0,0.0,0.0,0.0,0.0,0.0,0.0,0.0,0.0,0.0,1.0
C218,0.0,0.0,0.0,0.0,0.0,0.0,0.0,0.0,0.0,0.0,0.0,0.0,0.0,0.0,0.0,0.0,0.0,0.0,1.6022208298967362,0.0,0.4914859931901805,0.0,0.0,0.0,0.0,0.0,0.0,0.0,0.0,0.0,0.0,0.0,0.0,0.0,0.0,0.0,0.0,0.9847594662255305,0.0,0.0,0.0,0.0,0.0,0.0,0.0,0.0,0.0,0.0,1.0
C219,0.0,0.0,0.0,0.0,0.0,0.0,0.0,0.0,0.0,0.0,0.0,0.0,0.0,0.0,0.0,0.0,0.0,0.0,0.0,0.0,0.11341984458336722,0.0,0.0,0.0,0.6234743467916605,1.1970374639588426,0.0,0.0,0.0,0.235189433456734,0.0,0.0,0.44571076690209166,0.0,0.0,0.0,0.0,0.22725218451562343,0.0,0.0,0.0,0.0,0.0,0.0,0.0,0.0,0.0,0.0,1.0
C220,0.0,0.0,0.0,0.0,0.0,0.0,0.0,0.0,0.0,0.0,0.0,0.0,0.0,0.0,0.0,0.0,0.0,0.0,0.0,0.0,0.7372289897606965,0.0,0.0,0.0,0.0,0.0,0.0,0.0,0.0,0.0,0.0,0.0,0.0,0.0,0.0,0.0,0.0,0.0,0.0,0.0,0.0,1.1113324686134776,0.0,0.0,0.0,0.0,0.0,0.0,5.0
C221,0.0,0.0,0.0,0.0,0.0,0.0,0.0,0.7151880851608718,0.0,0.0,0.6355746523832285,0.0,0.0,0.0,0.0,0.0,0.0,0.0,0.0,0.0,0.3686144948895636,0.0,0.0,0.0,0.0,0.0,0.0,0.0,0.0,0.0,0.0,0.0,0.0,0.0,0.0,0.0,0.0,0.7385695996629932,0.0,0.0,0.0,0.0,0.0,0.0,0.0,0.0,0.0,0.0,2.0
C222,0.0,0.0,0.0,0.0,0.0,0.0,0.0,0.0,0.0,0.0,0.0,0.0,0.0,0.0,0.0,0.0,0.0,0.0,0.0,0.0,0.6880803904731335,0.0,0.0,0.0,0.6754305423583249,0.0,0.0,0.0,0.0,0.20383084232937848,0.0,0.0,0.0,0.0,0.0,0.0,0.0,0.0,0.0,0.19314133232443778,0.0,0.14817766248821804,0.0,0.0,0.0,0.0,0.0,0.0,1.0
C223,0.0,0.0,0.0,0.0,0.0,0.0,0.0,0.0,0.0,0.0,0.0,0.0,0.0,0.0,0.0,0.0,0.0,0.0,0.0,0.0,0.0,0.0,0.0,0.0,0.0,0.0,0.0,0.0,0.0,0.0,0.0,0.0,0.0,0.0,0.0,0.0,0.0,1.9695189324182356,0.0,0.0,0.0,0.7408883124213331,0.0,0.0,0.0,0.0,0.0,0.0,3.0
C224,0.0,0.0,0.0,0.0,0.0,0.0,0.0,0.0,0.0,0.0,0.0,0.0,0.0,0.0,0.0,0.0,0.0,0.0,0.0,0.0,0.0,0.0,0.0,0.0,0.0,0.0,0.0,0.0,0.0,0.0,0.0,0.0,1.9314133232250639,0.0,0.0,0.0,1.6467312941041685,0.0,0.0,0.0,0.0,0.0,0.0,0.0,0.0,0.0,0.0,0.0,10.0
C225,0.0,0.0,0.0,0.0,0.0,0.0,0.0,0.0,0.0,0.0,0.0,0.0,0.0,0.0,0.0,0.0,0.0,0.0,0.0,0.0,0.4914859931942762,0.0,0.0,0.0,0.0,0.0,0.0,0.0,0.0,0.0,0.0,0.23264662243373252,0.0,0.0,0.0,0.0,0.0,0.0,0.0,0.0,0.0,1.296554546769747,0.0,0.0,0.0,0.0,0.0,0.0,5.0
C226,1.4867606951024086,0.0,0.0,0.0,0.0,0.0,0.0,0.0,0.0,0.0,0.0,0.0,0.0,0.0,0.5923165868775132,0.0,0.46663104261453636,0.0,0.0,0.0,0.04095716609975056,0.0,0.0,0.0,0.2814293926503965,0.0,0.0,0.0,0.0,0.0,0.0,0.0,0.0,0.0,0.0,0.0,0.0,0.0,0.0,0.08047555513549538,0.0,0.061740692703664286,0.0,0.0,0.0,0.0,0.0,0.0,15.0
C227,0.0,0.0,0.0,0.0,0.0,0.0,0.0,0.0,0.0,0.0,0.0,0.0,0.0,0.0,0.0,0.0,0.0,0.0,0.0,0.0,0.49148599318198904,0.0,0.0,0.0,0.0,0.0,1.8837740138730317,0.0,0.0,0.0,0.0,0.0,0.0,0.0,0.0,0.0,0.0,0.0,0.0,0.0,0.0,0.0,0.0,0.0,0.0,0.0,0.0,0.0,1.0
C228,0.0,0.0,0.0,0.0,0.0,0.0,0.0,0.0,0.0,0.0,0.0,0.0,0.0,0.0,0.0,0.0,0.0,0.0,0.0,0.0,0.163828664397637,0.0,0.0,0.0,0.0,0.0,0.0,0.0,0.0,0.3397180705474543,0.0,0.0,0.643804441078598,0.0,0.0,0.0,0.0,0.0,0.0,0.0,0.0,0.9878510832503965,0.0,0.49868986206687954,0.0,0.0,0.0,0.0,3.0
C229,0.0,0.0,0.0,0.0,0.0,0.0,0.0,0.0,0.0,0.0,0.0,0.0,0.0,0.0,0.0,0.0,0.0,0.0,0.0,0.0,0.0,0.0,0.0,0.0,0.0,0.0,0.0,0.0,0.0,0.5095771058183505,0.0,0.0,0.0,0.0,0.0,0.0,0.0,1.4771391993382958,0.0,0.0,0.0,0.3704441562168406,0.0,0.7480347930961636,0.0,0.0,0.0,0.0,3.0
C230,0.0,0.0,0.0,0.0,0.0,0.0,0.0,0.0,0.0,0.0,0.0,0.0,0.0,0.0,0.0,0.0,0.0,0.0,0.0,0.0,0.0,0.0,0.0,0.0,0.0,0.0,0.0,0.0,0.0,0.0,0.0,0.0,0.0,0.0,0.0,0.0,0.0,0.0,0.0,0.0,0.0,0.0,0.0,0.0,0.0,0.0,0.0,0.0,1.0
C231,0.0,0.0,0.0,0.0,0.0,0.0,0.0,0.0,0.0,0.0,0.0,3.6280074933379733,0.0,0.0,0.0,0.0,0.0,0.0,0.0,0.0,0.0,0.0,0.0,0.0,0.0,0.0,0.0,0.0,0.0,0.0,0.0,0.0,0.0,0.0,0.0,0.0,0.0,0.0,0.0,0.0,0.0,0.0,0.0,0.0,0.0,0.0,0.0,0.0,6.0
C232,0.0,0.0,0.0,0.0,0.0,0.0,0.0,0.0,0.0,0.0,0.0,0.0,0.0,0.0,0.0,0.0,0.0,0.0,0.0,0.0,0.5670992229168361,0.0,0.0,0.0,0.0,0.0,0.0,0.0,0.0,0.0,0.0,0.0,0.6685661503531375,0.0,0.0,0.0,0.0,0.0,0.19456886190316208,0.0,0.0,0.6838969037910742,0.0,0.0,0.0,0.0,0.0,0.0,1.0
C234,0.0,0.0,0.0,0.0,0.0,0.0,0.0,0.0,0.0,0.0,0.0,0.0,0.0,2.25160593741606,0.0,0.0,0.0,0.0,0.0,0.0,0.163828664397637,0.0,0.0,0.0,0.0,0.0,0.0,0.0,0.0,0.0,0.0,0.0,0.0,0.0,0.0,0.0,0.0,0.0,0.28104391163694,0.321902220539299,0.0,0.0,0.0,0.49868986206687954,0.0,0.0,0.0,0.0,3.0
C235,0.0,0.0,0.0,0.0,0.0,0.0,0.0,0.0,0.0,0.0,0.0,1.0365735695362415,0.0,0.0,0.0,0.0,0.0,0.0,0.0,0.0,0.21063685422486458,0.0,0.0,0.0,0.0,0.0,0.0,0.0,0.0,0.0,0.0,0.0,1.6554971341968536,0.0,0.0,0.0,0.0,0.0,0.0,0.0,0.0,0.0,0.0,0.0,0.0,0.0,0.0,0.0,1.0
C236,0.0,0.0,0.0,0.0,0.0,0.0,0.0,0.0,0.0,0.0,0.0,0.0,0.0,0.0,0.0,0.0,0.0,0.0,0.0,0.0,0.49148599318198904,0.0,0.0,0.0,0.0,0.0,0.0,0.0,0.0,0.0,0.0,0.0,0.9657066615964368,0.0,0.0,0.0,0.0,0.0,0.0,0.0,0.0,0.7408883124213331,0.0,0.0,0.0,0.0,0.0,0.0,1.0
C237,0.0,0.0,0.0,0.0,0.0,0.0,0.0,0.0,0.0,0.0,0.0,0.0,0.0,0.0,0.0,0.0,0.0,0.0,0.0,0.0,1.2287149829754513,0.0,0.0,0.0,0.0,0.0,0.0,0.0,0.0,0.0,0.0,0.0,0.0,0.0,0.0,0.0,0.0,0.0,0.0,0.0,0.0,0.0,0.0,0.0,0.4859686863082395,0.0,0.0,0.0,9.0
C238,0.0,0.0,0.0,0.0,0.0,0.0,0.0,0.0,0.0,0.0,0.0,0.0,0.0,0.0,0.0,0.0,0.0,0.0,0.0,0.0,1.4744579795910202,0.0,0.0,0.0,0.0,0.0,0.0,0.0,0.0,0.0,0.0,0.0,0.0,0.0,0.0,0.0,0.0,0.0,0.0,0.0,0.0,0.0,0.0,0.0,0.0,0.0,0.0,0.0,9.0
C239,0.0,0.0,0.0,0.0,0.0,0.0,0.0,0.0,0.0,0.0,0.0,0.0,0.0,0.0,0.0,0.0,0.0,0.0,0.0,0.0,0.7372289897606965,0.0,0.0,0.0,0.0,0.0,0.0,0.0,0.0,0.0,0.0,0.0,1.4485599923705126,0.0,0.0,0.0,0.0,0.0,0.0,0.0,0.0,0.0,0.0,0.0,0.0,0.0,0.0,0.0,1.0
C240,0.0,0.0,0.0,0.0,0.0,0.0,0.0,0.0,0.0,0.0,0.0,0.0,0.0,0.0,0.0,0.0,0.0,0.0,0.0,0.0,0.0,0.0,0.0,0.0,0.0,0.0,0.0,0.0,0.0,0.0,0.0,0.0,0.0,0.0,0.0,0.0,0.0,0.0,0.0,0.0,0.0,0.0,0.0,0.0,0.0,0.0,0.0,0.0,5.0
C241,0.0,0.0,0.0,0.0,0.0,0.0,0.0,0.0,0.0,0.0,0.0,0.0,0.0,0.0,0.0,0.0,0.0,0.0,0.0,0.0,0.884674787739376,0.0,0.0,0.0,0.0,0.0,0.5651322041694445,0.0,0.0,0.0,0.0,0.0,0.0,0.0,0.0,0.0,0.0,0.5908556797333487,0.0,0.0,0.0,0.0,0.0,0.0,0.0,0.0,0.0,0.0,2.0
C242,0.0,0.0,0.0,0.0,0.0,0.0,0.0,0.0,0.0,0.0,0.0,0.0,0.0,0.0,0.0,0.0,0.0,0.0,0.0,0.0,0.0,0.0,0.0,0.0,0.0,0.0,0.941887006952214,0.0,0.0,0.0,0.0,0.4652932448635876,0.0,0.0,0.0,0.0,0.0,0.9847594662255305,0.0,0.0,0.0,0.0,0.0,0.0,0.0,0.7639198230632863,0.0,0.0,11.0
C243,0.0,0.0,0.0,0.0,0.0,0.0,0.0,0.0,0.0,0.0,0.0,0.0,0.0,0.0,0.0,0.0,0.0,0.0,0.0,0.0,0.982971986385822,0.0,0.0,0.0,0.0,0.0,0.3139623356524822,0.0,0.0,0.0,0.0,0.0,0.321902220539299,0.0,0.0,0.0,0.0,0.3282531554103338,0.0,0.0,0.0,0.0,0.0,0.0,0.0,0.0,0.0,0.0,2.0
C244,0.0,0.0,0.0,0.0,0.0,0.0,0.0,0.0,0.0,0.0,0.0,0.0,0.0,0.0,0.0,0.0,0.0,0.0,0.0,0.0,0.0,0.0,0.0,0.0,0.0,0.0,0.0,0.0,0.0,0.0,0.0,0.0,0.0,0.0,0.0,0.0,0.0,0.0,0.0,0.0,0.0,0.0,0.0,0.0,0.0,0.0,0.0,0.0,1.0
C245,0.0,0.0,0.0,0.0,0.0,0.0,0.0,0.0,0.0,0.0,0.0,0.0,0.0,0.0,0.0,0.0,0.0,0.0,0.0,0.0,0.491485993192911,0.44397025261217704,0.0,0.0,1.1257175705922051,0.0,0.0,0.0,0.0,0.0,0.0,0.0,0.0,0.0,0.0,0.0,0.0,0.0,0.0,0.0,0.0,0.0,0.0,0.0,0.0,0.0,0.0,0.0,5.0
C246,0.0,0.0,0.0,0.0,0.0,0.0,0.0,0.35759404258490585,0.0,0.0,0.6355746523911733,0.0,0.0,0.0,0.0,0.0,0.0,0.0,0.0,0.0,0.18430724744708563,0.0,0.0,0.0,0.0,0.0,0.0,0.0,0.0,0.3821828293653553,0.0,0.34896993364914475,0.0,0.0,0.0,0.0,0.0,0.7385695996722252,0.0,0.0,0.0,0.0,0.0,0.0,0.0,0.0,0.0,0.0,2.0
C248,0.0,0.0,1.3323023879754148,0.0,0.0,0.0,0.6719487013623192,0.0,0.0,0.0,0.0,0.0,0.40479419062931427,0.0,0.0,0.0,0.0,0.0,0.0,0.0,0.0,0.0,0.0,0.0,0.5403444338866599,0.0,0.0,0.0,0.0,0.0,0.0,0.0,0.0,0.0,0.0,0.0,0.0,0.0,0.0,0.0,0.0,0.0,0.0,0.0,0.0,0.0,0.0,0.0,5.0
C249,0.0,0.0,0.0,0.0,0.0,0.0,0.0,0.0,0.0,0.0,0.16948657397196817,0.0,0.0,0.0,0.0,0.0,0.0,0.0,0.0,0.0,0.19659439727803812,0.0,0.0,0.0,0.40525832541499496,0.0,0.0,0.0,0.0,0.0,0.0,0.0,0.38628266464887556,0.0,0.0,1.6930701635887606,0.0,0.0,0.0,0.0,0.0,0.0,0.0,0.0,0.0,0.0,0.0,0.0,1.0
C250,0.0,0.0,0.0,0.0,0.0,0.0,0.0,0.0,0.0,0.0,0.0,0.0,0.23353510997821103,0.0,0.0,0.25844180821601154,0.0,0.0,0.0,0.0,0.4536793783334689,0.0,0.0,0.0,0.0,0.0,0.0,0.0,0.0,0.0,1.4103135195141083,0.0,0.0,0.0,0.0,0.0,0.0,0.0,0.0,0.0,0.0,0.5129226778433056,0.0,0.0,0.0,0.0,0.0,0.0,3.0
C251,0.0,0.0,0.0,0.0,0.0,0.0,0.0,0.0,0.0,0.0,0.0,0.0,1.1384836611383053,0.0,0.0,0.0,0.0,0.0,0.0,0.0,0.9215362372354281,0.0,0.0,0.0,0.0,0.0,0.0,0.0,0.0,0.0,0.0,0.0,0.0,0.0,0.0,0.0,0.0,0.0,0.0,0.0,0.0,0.0,0.0,0.0,0.0,0.0,0.0,0.0,3.0
C252,0.0,0.0,0.0,0.0,0.0,0.0,0.0,0.4767920567778878,0.0,0.0,0.0,0.0,0.0,0.0,0.0,0.5599572511296664,0.0,0.0,0.0,0.0,0.0,0.0,0.0,0.0,0.0,0.0,0.941887006952214,0.0,0.0,0.0,0.0,0.0,0.0,0.0,0.0,0.0,0.0,0.9847594662255305,0.0,0.0,0.0,0.0,0.0,0.0,0.0,0.0,0.0,0.0,5.0
C253,0.0,0.0,0.0,0.0,0.0,0.0,0.0,0.0,0.0,0.0,0.0,0.6596377260719439,0.0,0.0,0.0,0.0,0.0,0.0,0.0,0.0,0.2680832690148567,0.0,0.0,2.04009489027772,0.0,0.0,0.0,0.0,0.0,0.0,0.0,0.0,0.0,0.0,0.0,0.0,0.0,0.0,0.45989003722501265,0.0,0.0,0.0,0.0,0.0,0.0,0.0,0.0,0.0,3.0
C254,0.0,0.0,0.0,0.0,0.0,0.0,0.0,0.0,0.0,0.0,0.0,0.0,0.0,0.0,0.0,0.0,0.0,0.0,0.0,0.0,0.13404163450742834,0.0,0.0,0.0,0.0,0.0,0.0,0.0,0.0,0.8338534458908907,0.0,0.0,0.0,0.0,0.0,0.0,0.0,0.0,0.0,0.5267490881562807,0.0,0.8082417953883209,0.0,0.0,0.0,0.4166835398558583,0.0,0.0,15.0
C255,0.0,0.0,0.0,0.0,0.0,0.0,0.0,0.19071682271306228,0.0,0.0,0.16948657397196817,0.0,0.0,0.0,0.0,0.0,0.0,0.0,0.0,0.0,0.5897831918341144,0.26638215156849016,0.0,0.0,0.0,0.0,0.18837740139232656,0.0,0.0,0.0,0.0,0.0,0.0,0.0,0.0,0.0,0.0,0.7878075729883024,0.16862634698291343,0.0,0.0,0.0,0.0,0.0,0.0,0.0,0.0,0.0,3.0
C256,0.0,0.0,0.06168066611032699,0.0,0.0,0.2707098226433968,0.0,0.0,0.0,0.0,0.0,0.0,0.028110707682752648,0.03752676562398321,0.0,0.03110873617436003,0.0,0.0,0.0,0.16300731043178077,0.6553146575972225,0.0,0.0,0.0,0.0,0.36021960721227425,0.026163527971306666,0.0,0.0,0.0,0.0,0.0516992494301013,0.134125925226074,0.0,0.0,0.23514863383312223,0.0,0.027354429617806427,0.11710162984991768,0.0,0.04155748850599657,0.0,0.0,0.0,0.2699826035088272,0.0,0.0,0.0,2.0
C257,0.6619785176398569,0.0,0.0,0.0,0.0,0.0,0.0,0.014670524824171995,0.0,0.0,0.0,0.0,0.0,0.0,0.09112562875059306,0.0,0.24121235433667593,0.0,0.0,0.0,0.2797689499743144,0.5122733684040951,0.0,0.0,0.0,0.05985187319837184,0.3622642334490112,0.0,0.042189900607264255,0.015679295563894836,0.0,0.028633430453606393,0.029714051127019442,0.0,0.0,0.0,0.0,0.24240233015173865,0.20754011936486294,0.0,0.0,0.0,0.0,0.0,0.07476441327939844,0.0,0.0,0.0,9.0
C258,0.0,0.028369172682866765,0.0,0.0,0.0,0.0,0.0,0.13842350035710332,0.0,0.0,0.19135580932436275,0.0,0.0,0.0,0.0,0.0,0.0,0.0,0.20673817160291336,0.0,0.507340380075466,0.0,0.0,0.0,0.0,0.20915977192978888,0.030383451837658247,0.0,0.0,0.0,0.0,0.540340542430946,0.17133505286950304,0.0,0.0,0.019505416631326468,0.0,0.11118252038209511,0.21758238320509285,0.0,0.0,0.0,0.0,0.0,0.10973486465201755,0.0,0.0,0.0,11.0
C259,0.04088875861250258,0.06852813141570394,0.0,0.0,0.0,0.0,0.0,0.0,0.0,0.0,0.03301686505965156,0.0,0.039428005580989016,0.0,0.09230907847455419,0.0,0.08726606511245795,0.0,0.18727256453626276,0.0,0.3255296838062911,0.10378525385841043,0.0,0.0,0.0,1.1620590965129296,0.0,0.0,0.0,0.0,0.0,0.14502646593373658,0.0,0.0,0.0,0.28270188260446455,0.0,0.03836725193145445,0.06569857674694232,0.0,0.05828842543696047,0.0,0.057158407553979745,0.0,0.3408092085850419,0.0,0.0,0.0,9.0
C260,0.0,0.0,0.0,0.0,0.0,0.0,0.0,0.3432902808844276,0.1976077552950033,0.0,0.0,0.0,0.24287651437823626,0.0,0.0,0.13438974027282222,0.0,0.0,0.0,0.0,0.2359132767342749,0.0,1.3128862471466507,0.0,0.0,0.0,0.0,0.0,0.0,0.0,0.0,0.0,0.0,0.0,0.0,0.0,0.0,0.0,0.0,0.0,0.0,0.0,0.0,0.0,0.8164273930081839,0.0,0.0,0.0,3.0
C261,0.0,0.0,0.2562119976887951,0.0,0.0,0.18741449259908782,0.06461045205437564,0.0,0.0,0.0,0.14667107363028362,0.0,0.0,0.0,0.0,0.0,0.0,0.0,0.0,0.0,0.22683968916804312,0.0,0.0,0.0,0.0,0.07481484149785929,0.9781134303109508,0.0,0.0,0.0,0.0,0.0,0.0,0.0,0.0,0.0,0.0,0.5681304612923362,0.0972844309521423,0.0,0.0,0.0,0.0,0.0,0.11214661991893947,0.0,0.0,0.0,5.0
C262,0.8222026174506756,0.0,0.19093505560272347,0.0,0.0,0.0,0.1283978410254212,0.03644270497723802,0.0,0.0,0.04857895432346852,0.0,0.01933730210024308,0.0,0.1584541187828587,0.08559856068361413,0.5135913641016848,0.17574302780871612,0.0,0.0,0.11269742519191162,0.0,0.0,0.28587316934069595,0.0,0.0,0.03599568179492913,0.0,0.0,0.0,0.0,0.19560098192031242,0.018452993534293225,0.0,0.0,0.0,0.0,0.13171941905138623,0.03222159496508221,0.0,0.0,0.0,0.0,0.0,0.0,0.23355510514411165,0.0,0.0,5.0
C263,0.0,0.0,0.0,0.0,0.0,0.0,0.0,0.7151880851608718,0.0,0.0,0.0,0.0,0.0,0.0,0.0,0.0,0.0,0.0,0.0,0.0,0.7372289897791272,0.0,0.0,0.0,0.0,0.0,0.0,0.0,0.0,0.0,0.0,0.0,0.7242799962033634,0.0,0.0,0.0,0.0,0.0,0.0,0.0,0.0,0.0,0.0,0.0,0.0,0.0,0.0,0.0,15.0
C264,0.0,0.0,0.0,0.0,0.0,0.0,0.0,0.0,0.0,0.0,0.0,0.0,0.0,0.0,0.0,0.0,0.0,0.0,0.0,0.0,0.0,0.0,0.0,0.0,0.0,0.0,0.0,0.0,0.0,0.0,0.0,0.0,0.0,0.0,0.0,0.0,0.0,0.0,0.0,0.0,0.0,0.0,0.0,0.0,0.0,0.0,0.0,0.0,1.0
C265,0.0,0.0,0.0,0.0,0.0,0.0,0.0,0.0,0.0,0.0,0.23111805541576,0.0,0.0,0.0,0.0,0.0,0.0,0.0,0.0,0.0,0.6702081725371417,0.0,0.0,0.0,0.0,0.0,0.0,0.0,0.0,0.0,0.0,0.0,0.0,0.0,0.0,0.0,0.0,0.0,0.22994501861250632,0.0,0.0,0.8082417953883209,0.0,0.0,0.0,0.0,0.0,0.0,13.0
C266,0.0,0.0,0.0,0.0,0.0,0.0,0.0,0.0,0.0,0.0,0.0,0.0,0.0,0.0,0.0,0.0,0.0,0.0,0.0,0.0,0.7372289897791272,0.9989330683635244,0.0,0.0,0.0,0.0,0.0,0.0,0.0,0.0,0.0,0.0,0.7242799962033634,0.0,0.0,0.0,0.0,0.0,0.0,0.0,0.0,0.0,0.0,0.0,0.0,0.0,0.0,0.0,1.0
C267,0.0,0.0,0.0,0.0,0.0,1.8047321509375973,0.0,0.0,0.0,0.0,0.5649552465707164,0.403111943709818,0.337328492189596,0.0,0.0,0.0,0.0,0.0,0.0,0.0,0.0,0.0,0.0,0.0,0.0,0.0,0.0,0.0,0.0,0.0,0.0,0.0,0.0,0.0,0.0,0.0,0.0,0.0,0.0,0.0,0.0,0.0,0.0,0.0,0.0,0.0,0.0,0.0,2.0
C268,0.0,0.0,0.0,0.0,0.0,0.0,0.0,0.0,0.0,0.0,0.5084597219091251,0.0,0.0,0.0,0.0,0.0,0.0,0.0,0.9613324979348372,0.0,0.0,0.0,0.0,0.0,0.0,0.0,0.5651322041694445,0.0,0.0,0.0,0.0,0.0,0.0,0.0,0.0,0.0,0.0,0.0,0.0,0.0,0.0,0.889065974917454,0.0,0.0,0.0,0.0,0.0,0.0,5.0
C269,0.0,0.0,0.0,0.0,0.0,0.0,0.0,0.0,0.0,0.0,0.0,0.2015559718560288,0.0,0.0,0.0,0.0,0.0,0.0,0.0,0.0,0.0,0.0,0.0,0.0,0.0,0.0,0.0,0.0,0.0,0.0,0.0,0.0,0.0,0.0,0.0,3.4264515215524898,0.0,0.0,0.0,0.0,0.0,0.0,0.0,0.0,0.0,0.0,0.0,0.0,1.0
C270,2.0239935513166873,0.0,0.0,0.0,0.0,0.0,0.0,0.0,0.0,0.0,0.0,0.0,0.0,0.0,0.08461665526824975,0.0,0.07999389301966653,0.0,0.0,0.0,0.17553071185614347,0.0,0.0,0.0,0.0,0.0,0.0,0.0,0.1958816813905038,0.0,0.0,0.0,0.0,0.0,0.0,0.0,0.0,0.0,0.06022369535129861,0.2069371417770702,0.0,0.05292059374601896,0.0,0.0,0.06942409804502597,0.0,0.0,0.0,15.0
C271,0.0,0.0,0.0,0.0,0.0,0.0,0.0,0.0,0.0,0.0,0.0,0.0,0.0,0.0,0.0,0.8399358766875001,0.0,0.0,0.0,0.0,0.3686144948895636,0.0,0.0,0.0,0.0,0.0,0.0,0.0,0.0,0.0,0.0,0.0,0.7242799962033634,0.0,0.0,0.0,0.0,0.0,0.6323488011743323,0.0,0.0,0.0,0.0,0.0,0.0,0.0,0.0,0.0,3.0
C272,0.0,0.0,0.0,0.0,0.0,0.0,0.0,0.0,0.0,0.0,0.3631855156540446,0.0,0.0,0.0,0.0,0.0,0.0,0.0,0.0,0.0,0.3159552813395537,0.0,0.0,0.0,0.0,0.0,0.40366586012622185,0.0,0.0,0.4367803764198888,0.0,0.0,0.0,0.0,0.0,0.0,0.0,0.0,0.0,0.41387428355216965,0.0,0.15876178123730086,0.0,0.0,0.41654458826817237,0.0,0.0,0.0,1.0
C273,0.0,0.0,0.0,0.0,0.0,0.0,0.0,0.0,0.0,0.0,0.0,0.0,0.0,0.0,0.0,0.0,0.0,0.0,0.0,0.0,0.0,0.0,0.0,0.0,0.0,0.0,0.0,0.0,0.0,0.0,0.0,0.0,1.9314133231928736,0.0,0.0,0.0,0.0,0.0,0.0,0.0,0.0,0.0,0.0,0.0,0.97193737260028,0.0,0.0,0.0,10.0
C274,0.0,0.0,0.0,0.0,0.0,0.0,0.0,0.0,0.0,0.0,0.0,0.0,0.0,0.0,0.0,0.0,0.0,0.0,0.0,0.0,0.0,0.0,0.0,0.0,0.0,0.0,0.0,0.0,0.0,0.0,0.0,0.0,2.8971199845961695,0.0,0.0,0.0,0.0,0.0,0.0,0.0,0.0,0.0,0.0,0.0,0.0,0.0,0.0,0.0,1.0
C275,0.7871086032720191,0.0,0.0,0.0,0.0,0.0,0.0,0.0,0.0,0.0,0.0,0.0,0.0,0.0,0.0,0.0,0.8399358766875001,0.0,0.0,0.0,0.7372289897791272,0.0,0.0,0.0,0.0,0.0,0.0,0.0,0.0,0.0,0.0,0.0,0.0,0.0,0.0,0.0,0.0,0.0,0.0,0.0,0.0,0.0,0.0,0.0,0.0,0.0,0.0,0.0,1.0
C276,0.0,0.0,0.0,0.0,0.0,0.0,0.0,0.0,0.0,0.0,2.5422986095456257,0.0,0.0,0.0,0.0,0.0,0.0,0.0,0.0,0.0,0.0,0.0,0.0,0.0,0.0,0.0,0.0,0.0,0.0,0.0,0.0,0.0,0.0,0.0,0.0,0.0,0.0,0.0,0.0,0.0,0.0,0.0,0.0,0.0,0.0,0.0,0.0,0.0,2.0
C277,0.8995526894746185,0.0,0.0,0.0,0.0,0.0,0.0,0.0,0.0,0.0,0.09079637891399757,0.0,0.0,0.0,0.5711624230610258,0.0,0.11999083952957124,0.0,0.0,0.0,0.05265921355687438,0.0,0.0,0.0,0.0,0.0,0.05045823251604804,0.1469112610429653,0.07345563052148266,0.0,0.0,0.0,0.15520285633289507,0.0,0.07237304798904826,0.0,0.0,0.0,0.09033554302700168,0.1034685708885967,0.0,0.039690445309537845,0.8645209142535225,0.0,0.0,0.08184855247228437,0.0,0.0,4.0
C278,0.0,0.0,0.0,0.0,0.0,0.0,0.0,0.0,0.0,1.2735861405236855,0.0,0.9070018733344933,0.0,0.0,0.0,0.0,0.0,0.0,0.0,0.0,0.7372289897791272,0.0,0.0,0.0,0.0,0.0,0.0,0.0,0.0,0.0,0.0,0.0,0.0,0.0,0.0,0.0,0.0,0.0,0.0,0.0,0.0,0.0,0.0,0.0,0.0,0.0,0.0,0.0,3.0
C279,0.0,0.0,0.0,0.0,0.0,0.0,0.0,0.0,0.0,0.0,0.0,0.0,0.0,0.0,0.0,0.0,0.0,0.0,0.0,0.0,0.21063685422486458,0.0,0.0,0.0,0.0,0.0,0.0,0.0,0.0,0.8735607528335378,0.0,0.0,0.0,0.0,0.0,0.0,0.0,0.0,0.0,0.8277485670984268,0.0,0.6350471249446674,0.0,0.0,0.0,0.0,0.0,0.0,15.0
C280,0.0,0.0,0.0,0.0,0.0,0.0,0.0,0.7151880851608718,0.0,0.0,0.0,0.0,0.0,0.0,0.0,0.0,0.0,0.0,0.0,0.0,0.3686144948895636,0.0,0.0,0.0,0.0,0.0,0.0,0.0,0.0,0.0,0.0,0.0,0.0,0.0,0.0,0.0,0.0,0.0,0.0,0.0,0.0,0.0,0.0,0.0,1.4579060589125692,0.0,0.0,0.0,5.0
C281,0.0,0.0,0.0,0.0,0.0,0.0,0.0,0.0,0.0,0.0,2.542298609469357,0.0,0.0,0.0,0.0,0.0,0.0,0.0,0.0,0.0,0.0,0.0,0.0,0.0,0.0,0.0,0.0,0.0,0.0,0.0,0.0,0.0,0.0,0.0,0.0,0.0,0.0,0.0,0.0,0.0,0.0,0.0,0.0,0.0,0.0,0.0,0.0,0.0,2.0
C282,0.0,0.0,0.0,0.0,0.0,0.0,0.0,0.0,0.0,0.0,0.0,0.0,0.0,0.0,0.0,0.0,0.0,0.0,0.0,0.0,1.474457979521393,0.0,0.0,0.0,0.0,0.0,0.0,0.0,0.0,0.0,0.0,0.0,0.0,0.0,0.0,0.0,0.0,0.0,0.0,0.0,0.0,0.0,0.0,0.0,0.0,0.0,0.0,0.0,9.0
C283,0.0,0.0,0.0,0.0,0.0,0.0,0.0,0.0,0.0,0.0,0.0,0.0,0.0,0.4503211874832119,0.0,0.0,0.0,0.4379627835822132,0.0,1.4670657938710845,0.163828664397637,0.0,0.0,0.0,0.0,0.0,0.0,0.0,0.45705725657385204,0.0,0.0,0.0,0.0,0.0,0.0,0.0,0.0,0.0,0.56208782327388,0.0,0.0,0.0,0.0,0.0,0.0,0.0,0.0,0.0,3.0
C284,0.9795129285386015,0.0,0.0,0.0,0.10185597640990943,0.0,0.0,0.0,0.0,0.0,0.0,0.0,0.0,0.0,0.31590217966818257,0.07466096681836729,0.0,0.0,0.0,0.0,0.16382866439909324,0.0,0.0,0.0,0.0,0.0,0.0,0.1828229026311659,0.09141145131558295,0.0,0.0,0.0,0.0,0.0,0.09006423749744295,0.0,0.0,0.0,0.11241756465577525,0.25752177643372826,0.19947594482852493,0.39514043330367093,0.0,0.0,0.0,0.0,0.0,0.0,8.0
C285,0.0,0.0,0.0,0.0,0.0,0.0,0.0,0.0,0.0,0.0,0.0,0.0,0.0,4.052890687292617,0.0,0.0,0.0,0.0,0.0,0.0,0.0,0.0,0.0,0.0,0.0,0.0,0.0,0.0,0.0,0.0,0.0,0.0,0.0,0.0,0.0,0.0,0.0,0.0,0.0,0.0,0.0,0.0,0.0,0.0,0.0,0.0,0.0,0.0,1.0
C286,0.0,0.0,0.0,0.0,0.0,0.0,0.0,0.4767920567778878,0.0,0.0,0.0,0.0,0.0,0.0,0.0,0.0,0.0,0.0,0.0,0.0,0.4914859931901805,0.0,0.0,0.0,0.0,0.0,0.0,0.0,0.0,0.0,0.0,0.0,0.48285333080626597,0.0,0.0,0.0,0.0,0.9847594662255305,0.0,0.0,0.0,0.0,0.0,0.0,0.0,0.0,0.0,0.0,1.0
C287,0.6425376353388493,0.0,0.06797461163171316,0.0,0.0,0.0,0.0,0.0,0.0,0.0,0.0,0.0,0.0,0.0,0.5802284932681957,0.1371323880337607,0.41139716410128213,0.0,0.0,0.0,0.12036391670139647,0.0,0.0,0.0,0.0,0.0,0.0,0.16789858404906038,0.08394929202453019,0.0,0.0,0.0,0.0,0.0,0.08271205484460548,0.0,0.0,0.0,0.05162031030113066,0.11824979530122322,0.09159609711515562,0.1360815267755236,0.5389221283656948,0.0,0.059506369752899656,0.0,0.0,0.0,8.0
C289,0.0,0.0,0.0,0.0,0.0,0.0,0.0,0.0,0.0,0.0,0.0,0.0,0.1319981056402999,1.2334884700710533,0.0,0.14607580464432118,0.0,0.0,0.0,0.0,0.0641068686777698,0.0,0.0,0.0,0.0,0.0,0.0,0.0,0.0,0.0,0.0,0.0,0.0,0.0,0.0,1.4196551061180913,0.0,0.0,0.0,0.0,0.0,0.28991281791240325,0.0,0.0,0.12677443990805898,0.0,0.0,0.0,13.0
C290,0.0,0.0,0.0,0.0,0.0,0.0,0.0,0.0,0.0,0.0,0.0,0.0,0.0,0.0,0.0,0.0,0.0,0.0,0.0,0.0,0.7372289897606965,0.0,0.0,2.244104379213687,0.0,0.0,0.0,0.0,0.0,0.0,0.0,0.0,0.0,0.0,0.0,0.0,0.0,0.0,0.0,0.0,0.0,0.0,0.0,0.0,0.0,0.0,0.0,0.0,2.0
C291,0.0,0.0,0.0,0.0,0.0,0.0,0.0,0.0,0.0,0.0,0.0,0.0,0.0,0.0,0.0,0.0,0.0,0.0,0.0,0.0,1.2287149829754513,0.0,0.0,0.7480347930961636,0.0,0.0,0.0,0.0,0.0,0.0,0.0,0.0,0.0,0.0,0.0,0.0,0.0,0.0,0.0,0.0,0.0,0.0,0.0,0.0,0.0,0.0,0.0,0.0,9.0
C292,0.0,0.0,0.0,0.0,0.0,0.0,0.0,0.0,0.0,0.0,0.0,0.0,0.0,0.0,0.0,0.0,0.0,1.3138883507393402,0.0,0.0,0.982971986380361,0.0,0.0,0.0,0.0,0.0,0.0,0.0,0.0,0.0,0.0,0.0,0.0,0.0,0.0,0.0,0.0,0.0,0.0,0.0,0.0,0.0,0.0,0.0,0.0,0.0,0.0,0.0,13.0
C293,0.0,0.0,0.0,0.0,0.0,0.0,0.0,0.0,0.0,0.0,0.0,0.0,0.0,0.7368892158831082,0.0,0.30543122789122285,0.0,0.0,0.0,0.8002177057494809,0.402124903522285,0.0,0.0,0.0,0.0,0.0,0.0,0.0,0.0,0.0,0.0,0.0,0.0,0.0,0.0,0.32981886303597197,0.0,0.0,0.22994501861250632,0.0,0.0,0.0,0.0,0.0,0.2650738288974115,0.0,0.0,0.0,3.0
C294,0.0,0.0,0.0,0.0,0.0,0.0,0.0,0.0,0.0,0.4245287135149706,0.0,0.0,0.0,0.0,0.0,0.27997862556716635,0.0,0.0,0.0,0.0,0.0,0.0,0.0,0.0,0.0,0.0,0.0,0.0,0.0,0.0,0.0,0.0,0.7242799962154347,0.0,0.0,0.0,0.0,0.0,0.0,0.0,0.0,1.296554546769747,0.0,0.0,0.0,0.0,0.0,0.0,3.0
C295,0.0,0.0,0.0,0.0,0.0,0.0,0.0,0.0,0.0,0.0,0.0,0.0,0.0,0.0,0.0,0.0,0.0,0.0,0.0,0.0,0.0,0.0,0.0,0.0,0.0,0.0,0.0,0.0,0.0,0.0,0.0,0.0,0.0,0.0,0.0,0.0,0.0,0.0,0.0,0.0,0.0,0.0,0.0,0.0,0.0,0.0,0.0,0.0,1.0
C296,0.0,0.0,0.0,0.0,0.0,0.0,0.0,0.0,0.0,0.0,0.0,0.0,0.0,0.0,0.0,0.0,0.0,0.0,0.0,0.0,0.36861449489417125,0.0,0.0,1.1220521896489206,0.0,0.0,0.0,0.0,0.0,0.3821828293653553,0.0,0.0,0.0,0.0,0.0,0.0,0.0,0.0,0.31617440059111834,0.0,0.0,0.5556662343275763,0.0,0.0,0.0,0.0,0.0,0.0,2.0
C297,0.0,0.0,0.0,0.0,0.0,0.0,0.0,0.0,0.0,0.0,0.0,0.0,0.0,0.0,0.0,0.0,0.0,0.0,0.0,0.0,1.47445797944767,0.0,0.0,0.0,0.0,0.0,0.0,0.0,0.0,0.0,0.0,0.0,0.0,0.0,0.0,0.0,0.0,0.0,0.0,0.0,0.0,0.0,0.0,0.0,0.0,0.0,0.0,0.0,9.0
C298,0.0,0.0,0.0,0.0,0.0,0.0,0.0,0.0,0.0,0.0,0.0,1.0203771075236259,0.0,0.0,0.0,0.10499198458823421,0.0,0.0,0.0,0.0,0.09215362372440675,0.0,0.0,0.0,0.0,0.0,0.0,0.0,0.0,0.38218282936893827,0.0,0.0,0.0,0.0,0.0,0.0,0.0,0.0,0.07904360014852062,0.18106999905480173,0.0,0.6251245136243838,0.0,0.0,0.3644765147361152,0.0,0.0,0.0,3.0
C299,0.0,0.0,0.0,0.0,0.0,0.0,0.0,0.0,0.0,0.0,0.42371643492568334,0.0,0.5059927382815829,0.0,0.0,0.0,0.0,0.0,0.0,0.0,0.4914859931901805,0.0,0.0,0.0,0.0,0.0,0.470943503476107,0.0,0.0,0.0,0.0,0.0,0.0,0.0,0.0,0.0,0.0,0.0,0.0,0.0,0.0,0.0,0.0,0.7480347930961636,0.0,0.0,0.0,0.0,3.0
C300,0.0,0.0,0.0,0.0,0.0,0.0,0.0,0.0,0.0,0.0,0.0,0.0,1.0715140340196136,0.0,0.0,0.19763197098907243,0.0,0.0,0.0,0.0,0.2601984669858428,0.0,0.0,0.0,0.0,0.0,0.0,0.0,0.0,0.0,0.0,0.0,0.0,0.0,0.0,0.0,0.0,0.17378108227696776,0.14878795322033445,0.0,0.0,0.6537249815661806,0.0,0.0,0.0,0.0,0.0,0.0,3.0
C301,0.0,0.0,0.0,0.0,0.0,0.0,0.0,0.0,0.0,0.0,0.0,0.0,0.0,0.0,0.0,0.0,0.0,0.0,0.0,0.0,0.0,0.0,0.0,0.0,0.0,0.0,0.0,0.0,0.0,0.0,0.0,0.0,0.0,0.0,0.0,0.0,0.0,0.0,0.0,0.0,0.0,0.0,0.0,0.0,0.0,0.0,0.0,0.0,1.0
C302,0.0,0.0,0.0,0.0,0.0,0.0,0.0,0.0,0.0,0.0,0.0,0.0,0.0,0.0,0.0,0.0,0.0,0.0,0.0,0.0,0.6319105626745938,0.0,0.0,0.0,0.0,0.0,0.0,0.0,0.0,0.4367803764167689,0.0,0.0,0.0,0.0,0.0,0.0,0.0,0.0,0.36134217210348996,0.0,0.0,0.6350471249446674,0.0,0.0,0.0,0.0,0.0,0.0,3.0
C303,0.0,0.0,0.0,0.0,0.0,0.0,0.0,0.0,0.0,0.0,0.0,0.0,0.0,0.0,0.0,0.0,0.0,0.0,0.0,0.0,1.2638211253491876,0.0,0.0,0.0,0.0,0.0,0.4036658601233385,0.0,0.0,0.0,0.0,0.0,0.0,0.0,0.0,0.0,0.0,0.0,0.0,0.0,0.0,0.0,0.0,0.0,0.0,0.0,0.0,0.0,2.0
C304,0.6996520918128981,0.0,0.0,0.0,0.0,0.0,0.0,0.0,0.0,0.0,0.0,0.0,0.0,0.0,0.3948777245850088,0.09332620852290727,0.18665241704581453,0.0,0.0,0.0,0.08191433219950112,0.0,0.0,0.0,0.0,0.0,0.0,0.22852862828883042,0.11426431414441521,0.0,0.0,0.0,0.0,0.0,0.11258029687174115,0.0,0.0,0.0,0.0702609779098205,0.0,0.24934493103551764,0.37044415622198573,0.733532896941655,0.0,0.0,0.0,0.0,0.0,8.0
C305,0.0,0.0,0.0,0.0,0.0,0.0,0.0,0.0,0.0,0.0,0.0,0.0,1.1384836611383053,0.0,0.0,0.0,0.4199679383489997,0.0,0.0,0.0,0.0,0.0,0.0,0.0,0.0,0.0,0.0,0.0,0.0,0.0,0.0,0.0,0.0,0.0,0.0,0.0,0.0,0.0,0.0,0.0,0.0,0.0,0.0,0.0,0.0,2.291759469199408,0.0,0.0,1.0
C306,0.0,0.0,0.0,0.0,0.0,0.0,0.0,0.0,0.0,0.0,0.0,0.0,0.0,0.0,0.0,0.0,0.0,0.0,0.0,0.0,0.0,0.0,0.0,0.0,0.0,0.0,0.0,0.0,0.0,0.0,0.0,0.0,0.0,0.0,0.0,0.0,0.0,0.0,0.0,0.0,0.0,0.0,0.0,0.0,0.0,0.0,0.0,0.0,1.0
C307,0.0,0.0,0.0,0.0,0.0,0.0,0.0,0.0,0.0,0.0,0.0,0.0,0.0,0.0,0.0,0.0,0.0,0.0,0.0,0.0,1.3515864812917684,0.0,0.0,0.0,0.1688576355902379,0.0,0.0,0.0,0.0,0.0,0.0,0.0,0.0,0.0,0.0,0.0,0.0,0.0,0.0,0.0,0.0,0.0,0.0,0.0,0.0,0.0,0.0,0.0,9.0
C308,0.0,0.0,0.0,0.0,0.0,0.0,0.0,0.0,0.0,0.0,0.0,0.0,0.0,0.0,0.0,0.0,0.0,0.0,0.0,0.0,0.0,0.0,0.0,0.0,0.0,0.0,0.0,0.0,0.0,0.6114925269799822,0.0,0.0,0.0,0.0,0.0,1.4512029973424454,0.0,0.0,0.0,0.0,0.0,0.889065974917454,0.0,0.0,0.0,0.0,0.0,0.0,1.0
C309,0.0,0.0,0.0,0.0,0.0,0.0,0.0,0.0,0.0,0.0,0.0,0.0,0.0,0.0,0.0,0.0,0.0,0.0,0.0,0.0,0.4914859931901805,0.6659553789145658,0.0,0.0,0.0,0.0,0.470943503476107,0.0,0.0,0.0,0.0,0.0,0.0,0.0,0.0,0.0,0.0,0.0,0.4215658674530679,0.0,0.0,0.3704441562168406,0.0,0.0,0.0,0.0,0.0,0.0,3.0
C310,0.0,0.0,0.0,0.0,0.0,0.0,0.0,0.0,0.0,0.0,0.0,0.0,0.0,0.0,0.0,1.1199145022406676,0.0,0.0,0.0,0.0,0.49148599318198904,0.0,0.0,0.0,0.0,0.0,0.0,0.0,0.0,0.0,0.0,0.0,0.0,0.0,0.0,0.0,0.0,0.0,0.0,0.0,0.0,0.0,0.0,1.4960695861673927,0.0,0.0,0.0,0.0,3.0
C311,0.5556060729085178,0.0,0.0,0.0,0.0,0.0,0.0,0.0,0.0,0.0,0.0,0.0,0.0,0.0,0.0,0.0,0.5928959129672173,0.0,0.0,0.0,0.2601984669858428,0.0,0.0,0.0,0.0,0.0,0.0,0.0,0.0,0.0,0.0,0.0,0.0,0.0,0.0,0.0,0.0,0.0,0.14878795322033445,0.34083764527868704,0.0,0.3922349889397084,0.0,0.0,0.34303671975069205,0.0,0.0,0.0,8.0
C312,0.0,0.0,0.0,0.0,0.0,0.0,0.0,1.907168227079765,0.0,0.0,0.0,0.0,0.0,0.0,0.0,0.0,0.0,0.0,0.0,0.0,0.0,0.0,0.0,0.0,0.0,0.0,0.9418870069365158,0.0,0.0,0.0,0.0,0.0,0.0,0.0,0.0,0.0,0.0,0.0,0.0,0.0,0.0,0.0,0.0,0.0,0.0,0.0,0.0,0.0,3.0
C313,0.0,0.0,0.0,0.0,0.0,0.0,0.0,0.0,0.0,0.0,0.0,0.0,0.0,0.0,0.0,0.0,0.0,0.0,0.0,0.0,0.0,0.0,0.0,0.0,0.0,0.0,0.0,0.0,0.0,0.0,0.0,0.0,0.0,0.0,0.0,0.0,0.0,0.0,0.0,0.0,0.0,0.0,0.0,0.0,0.0,0.0,0.0,0.0,1.0
D100,0.0,0.0,0.0,0.0,0.0,0.0,0.22398290045410638,0.19071682271306228,0.0,0.0,0.33897314794393635,0.0,0.0,0.0,0.0,0.0,0.0,0.0,0.0,0.0,0.2948915959170572,0.0,0.0,0.0,1.0806888677733197,0.0,0.0,0.0,0.0,0.0,0.0,0.0,0.0,0.0,0.0,0.0,0.0,0.0,0.0,0.0,0.0,0.0,0.0,0.0,0.0,0.0,0.0,0.0,5.0
D103,0.0,0.0,0.0,0.0,0.0,1.0828392905625583,0.0,0.0,0.0,0.0,0.2824776232853582,0.0,0.337328492189596,0.0,0.0,0.0,0.0,0.0,0.0,0.0,0.0,0.0,0.0,0.0,0.450287028236882,0.0,0.0,0.0,0.0,0.0,0.0,0.0,0.0,0.0,0.0,0.0,0.0,0.0,0.0,0.321902220539299,0.0,0.24696277081259913,0.0,0.0,0.0,0.0,0.0,0.0,9.0
D104,0.0,0.0,0.0,0.0,0.0,0.0,1.3438974027067196,0.0,0.0,0.0,0.0,0.0,1.8215738578076268,0.0,0.0,0.0,0.0,0.0,0.0,0.0,0.0,0.0,0.0,0.0,0.0,0.0,0.0,0.0,0.0,0.0,0.0,0.0,0.0,0.0,0.0,0.0,0.0,0.0,0.0,0.0,0.0,0.0,0.0,0.0,0.0,0.0,0.0,0.0,5.0
D105,0.0,0.0,0.5551259949842049,0.0,0.0,0.5414196452782712,0.0,0.0,0.0,0.0,0.0,0.0,0.0,0.0,0.0,0.0,0.0,0.6569441753696701,0.0,0.0,0.0,0.0,0.0,0.0,0.6754305423515706,0.0,0.0,0.0,0.0,0.0,0.0,0.0,0.48285333080626597,0.0,0.0,0.0,0.0,0.0,0.0,0.0,0.0,0.0,0.0,0.0,0.0,0.0,0.0,0.0,2.0
D106,0.0,0.0,0.0,0.0,0.0,0.7218928603750389,0.0,0.0,0.0,0.0,0.0,0.806223887419636,0.0,0.0,0.0,0.0,0.0,0.0,0.0,0.0,0.0,0.0,0.0,0.0,1.1257175705922051,0.0,0.0,0.0,0.0,0.0,0.0,0.0,0.0,0.0,0.0,0.0,0.0,0.0,0.0,0.0,0.0,0.0,0.0,0.0,0.0,0.0,0.0,0.0,2.0
D109,0.0,0.0,0.0,0.0,0.0,0.0,0.0,0.0,0.0,0.0,0.0,0.0,0.0,0.0,0.0,0.0,0.0,0.0,0.0,0.0,0.19659439727803812,0.0,0.0,0.0,0.6754305423583249,0.0,0.0,0.0,0.0,0.0,0.0,0.3722345958945924,0.0,0.0,0.0,0.0,0.6586925176482543,0.0,0.0,0.38628266464887556,0.0,0.14817766248821804,0.0,0.0,0.19438747452523966,0.0,0.0,0.0,1.0
D110,0.0,0.0,0.0,0.0,0.0,0.0,0.0,0.0,0.0,0.0,0.0,0.0,0.0,0.0,0.0,0.0,0.0,0.0,0.0,0.0,0.0,0.0,0.0,0.0,0.0,0.0,0.0,0.0,0.0,0.0,0.0,0.0,0.0,0.0,0.0,0.0,0.0,0.0,0.0,0.0,0.0,0.0,0.0,0.0,0.0,0.0,0.0,4.806662489674187,11.0
D112,0.0,0.0,0.0,0.0,0.0,0.0,0.0,0.0,0.0,0.0,0.8474328698372428,0.0,0.0,0.0,0.0,0.0,0.0,1.313888350717442,0.0,0.0,0.49148599318198904,0.0,0.0,0.0,0.0,0.0,0.0,0.0,0.0,0.0,0.0,0.0,0.0,0.0,0.0,0.0,0.0,0.0,0.0,0.0,0.0,0.0,0.0,0.0,0.0,0.0,0.0,0.0,10.0
D113,0.0,0.0,0.0,0.0,0.0,0.0,1.469887784230686,0.0,0.0,0.0,0.0,0.0,0.0,0.0,0.0,0.0,0.0,0.0,0.0,0.0,0.36861449489647513,0.0,0.0,0.0,0.6332161334611935,0.0,0.0,0.0,0.0,0.0,0.0,0.0,0.0,0.0,0.0,0.0,0.0,0.0,0.0,0.0,0.0,0.0,0.0,0.0,0.0,0.0,0.0,0.0,5.0
D114,0.0,0.0,0.0,0.0,0.5978502963177629,0.0,0.0,0.0,0.0,0.0,0.0,0.0,0.0,0.0,0.0,0.0,0.0,0.0,0.0,0.0,0.32053434338884895,0.0,0.0,0.0,0.7928967236398723,0.0,0.0,0.0,0.0,0.0,0.0,0.0,0.3778852154182546,0.0,0.0,0.0,0.0,0.0,0.109973704554329,0.0,0.0,0.0,0.0,0.0,0.0,0.0,0.0,0.4179706512825584,10.0
D115,0.0,0.0,0.0,0.0,0.0,0.0,0.0,0.0,0.0,0.0,0.0,0.0,0.0,0.0,0.0,0.0,0.0,0.0,0.0,0.5501496727008927,0.9215362372354281,0.0,0.0,0.0,0.5065729067657887,0.0,0.0,0.0,0.0,0.0,0.0,0.0,0.0,0.0,0.0,0.0,0.0,0.0,0.0,0.0,0.0,0.0,0.0,0.0,0.0,0.0,0.0,0.0,2.0
D119,0.0,0.0,0.0,0.0,0.0,0.0,0.0,0.0,0.0,0.0,0.0,0.0,0.0,0.0,0.0,0.0,0.27997862556716635,0.0,0.0,0.0,0.7372289897914144,0.0,0.0,0.0,0.5065729067678995,0.0,0.4709435034800315,0.0,0.0,0.0,0.0,0.0,0.0,0.0,0.0,0.0,0.0,0.0,0.0,0.0,0.0,0.0,0.0,0.0,0.0,0.0,0.0,0.0,2.0
D120,0.0,0.0,0.0,0.0,0.0,0.0,0.0,0.0,0.0,0.0,0.0,0.0,0.0,0.0,0.0,0.0,0.0,0.0,0.0,0.0,0.3686144948895636,0.0,0.0,0.0,1.5197187202783695,0.0,0.0,0.0,0.0,0.0,0.0,0.0,0.0,0.0,0.0,0.0,0.0,0.0,0.0,0.0,0.0,0.0,0.0,0.0,0.0,0.0,0.0,0.0,1.0
D122,0.0,0.0,0.0,0.0,0.0,0.0,0.0,0.0,0.0,0.0,0.0,0.0,0.0,0.0,0.0,0.0,0.0,0.0,0.0,0.0,0.5670992229168361,0.0,0.0,0.0,0.31173717339583024,0.0,0.0,0.0,0.0,0.0,1.0577351396355812,0.0,0.6685661503531375,0.0,0.0,0.0,0.0,0.0,0.0,0.0,0.0,0.0,0.0,0.0,0.0,0.0,0.0,0.0,5.0
D123,0.0,0.0,0.1387814987480751,0.12057274464104142,0.0,0.0,0.0,0.0,0.0,0.0,0.0,0.0,0.0,0.0,0.0,0.0,0.0,0.0,0.0,0.0,0.1843072474490055,0.0,0.0,0.0,0.8020737690541869,0.0,0.0,0.0,0.0,0.25478855291289093,0.0,0.0,0.0,0.0,0.0,0.0,0.0,0.0,0.21078293372960788,0.30178333175831723,0.0,0.13891655858334112,0.0,0.09350434913838405,0.18223825736824745,0.0,0.0,0.0,3.0
D124,0.0,0.0,0.0,0.0,0.0,1.4765990325882898,0.0,0.0,0.0,0.0,0.23111805541576,0.0,0.0,0.0,0.0,0.0,0.0,0.0,0.0,0.0,0.2680832690148567,0.0,0.0,0.0,0.18420832973364204,0.0,0.0,0.0,0.0,0.0,0.0,0.0,0.0,0.0,0.0,0.0,0.0,0.0,0.22994501861250632,0.0,0.0,0.0,0.0,0.0,0.2650738288974115,0.0,0.0,0.0,4.0
D125,0.0,0.0,0.7930371357011622,0.0,0.0,0.0,0.0,0.0,0.0,0.0,0.0,0.0,0.14456935379645908,0.0,0.0,0.0,0.0,0.0,0.0,0.0,0.2808491389691609,0.7610918616257074,0.0,0.0,0.578940464879667,0.0,0.0,0.0,0.0,0.0,0.0,0.13294092710546482,0.0,0.0,0.0,0.0,0.0,0.0,0.0,0.0,0.0,0.0,0.0,0.0,0.0,0.0,0.0,0.0,11.0
D126,0.5247390688567584,0.0,0.0,0.0,0.0,0.0,0.0,0.0,0.0,0.0,0.0,0.0,0.0,0.0,0.0,0.0,0.5599572511343327,0.0,0.0,0.0,0.2457429965971381,0.0,0.0,0.0,0.3377152711785996,0.0,0.0,0.0,0.0,0.0,0.0,0.23264662243373252,0.0,0.0,0.0,0.0,0.0,0.0,0.0,0.48285333081028975,0.0,0.18522207810996386,0.0,0.0,0.0,0.0,0.0,0.0,15.0
D128,0.0,0.0,0.0,0.0,0.0,0.0,0.0,0.0,0.0,0.0,0.14123881164346377,0.0,0.0,0.0,0.0,0.18665241704529606,0.18665241704529606,0.0,0.0,0.0,0.24574299659782076,0.0,0.0,0.0,0.6754305423590755,0.0,0.0,0.0,0.0,0.16985903527467083,0.0,0.0,0.0,0.0,0.0,0.0,0.0,0.16412657770607875,0.0,0.32190222054108736,0.0,0.12348138540698558,0.0,0.0,0.1619895621045464,0.0,0.0,0.0,1.0
D129,0.0,0.0,0.0,0.0,0.0,0.0,0.0,0.0,0.0,0.0,0.0,0.0,0.0,0.0,0.0,0.0,0.0,0.0,0.0,0.0,0.15520610311445848,0.0,0.0,0.0,0.9598223496684405,0.0,0.0,0.0,0.0,0.0,0.0,0.0,0.0,0.0,0.0,0.0,0.0,0.0,0.0,0.9148799952223053,0.0,0.2339647302448832,0.0,0.0,0.0,0.0,0.0,0.0,3.0
D130,0.0,0.0,0.7401679933163852,0.0,0.0,0.36094643018751943,0.0,0.0,0.0,0.0,0.0,0.0,0.0,0.0,0.0,0.0,0.0,0.0,0.0,0.0,0.163828664397637,0.0,0.0,0.0,0.675430542355323,0.0,0.0,0.0,0.0,0.0,0.0,0.0,0.0,0.0,0.0,0.0,0.0,0.0,0.56208782327388,0.0,0.0,0.0,0.0,0.0,0.0,0.0,0.0,0.0,3.0
D131,0.0,0.0,0.0,0.0,0.0,0.7218928603750389,0.0,0.0,0.0,0.0,0.0,0.0,0.0,0.0,0.0,0.0,0.0,0.0,0.0,0.0,0.163828664397637,0.0,0.0,0.0,0.675430542355323,0.0,0.0,0.0,0.0,0.3397180705474543,0.0,0.0,0.0,0.0,0.0,0.0,0.0,0.0,0.0,0.321902220539299,0.0,0.24696277081259913,0.0,0.0,0.0,0.0,0.0,0.0,9.0
D132,0.0,0.0,0.0,0.0,0.0,0.5414196452782712,0.0,0.9535841135557755,0.0,0.0,0.0,0.0,1.0119854765631657,0.0,0.0,0.0,0.0,0.0,0.0,0.0,0.0,0.0,0.0,0.0,0.3377152711757853,0.0,0.0,0.0,0.0,0.0,0.0,0.0,0.0,0.0,0.0,0.0,0.0,0.0,0.0,0.0,0.0,0.0,0.0,0.0,0.0,0.0,0.0,0.0,2.0
D133,0.0,0.0,0.0,0.0,0.0,0.0,0.0,0.0,0.0,0.0,0.0,0.0,0.0,0.0,0.0,0.0,0.0,0.0,0.0,0.0,0.42127370844972917,0.0,0.0,0.0,1.1578809297483066,0.0,0.0,0.0,0.0,0.0,0.0,0.3988227813125961,0.0,0.0,0.0,0.0,0.0,0.0,0.0,0.0,0.0,0.0,0.0,0.0,0.0,0.0,0.0,0.0,1.0
D134,0.0,0.0,0.0,0.0,0.0,0.0,0.0,0.0,0.0,0.0,0.0,0.0,0.0,0.0,0.0,0.0,0.0,0.0,0.0,0.0,0.5361665380297134,0.0,0.0,0.0,0.5526249892009262,0.0,0.0,0.0,0.0,0.0,0.0,0.2537963153820614,0.0,0.0,0.0,0.0,0.0,0.0,0.0,0.26337454407814037,0.0,0.20206044884708022,0.0,0.0,0.2650738288974115,0.0,0.0,0.0,1.0
D135,0.0,0.0,0.0,0.0,0.0,0.0,0.4199679383489997,0.0,0.0,0.0,0.0,0.0,0.0,0.0,0.0,0.0,0.0,0.0,0.0,0.0,0.18430724744708563,0.0,0.0,0.0,0.759859360148683,0.48629646973094187,0.0,0.0,0.0,0.0,0.0,0.6979398672982895,0.0,0.0,0.0,0.0,0.0,0.0,0.0,0.0,0.0,0.0,0.0,0.0,0.0,0.0,0.0,0.0,5.0
D136,0.0,0.0,0.0,0.0,0.0,0.0,0.0,0.0,0.0,0.0,0.0,0.0,0.0,0.0,0.0,0.37330483408851817,0.0,0.0,0.0,0.0,0.327657328795274,0.0,0.0,0.0,1.1257175705922051,0.4322635286503264,0.0,0.0,0.0,0.0,0.0,0.0,0.0,0.0,0.0,0.0,0.0,0.0,0.0,0.0,0.0,0.0,0.0,0.0,0.0,0.0,0.0,0.0,5.0
D137,0.0,0.0,0.0,0.0,0.0,0.0,0.0,0.0,0.0,0.0,0.0,0.0,0.0,0.0,0.0,0.0,0.0,0.0,0.0,0.0,0.09215362372411878,0.0,0.29305496588028945,0.0,0.3799296800767161,0.0,0.0,0.25709470682404156,0.25709470682404156,0.0,0.0,0.0,0.0,0.3437381043934932,0.2533056679605381,0.0,0.0,0.0,0.0,0.1810699990542359,0.0,0.1389165585827623,1.3753741817608278,0.0,0.0,0.0,0.0,0.0,9.0
D138,0.6296868826270606,0.0,0.0,0.0,0.0,0.0,0.0,0.0,0.0,0.0,0.0,0.0,0.30359564297097374,0.0,0.0,0.0,0.0,0.0,0.0,0.0,0.2948915959160742,0.0,0.0,0.0,0.6078874881204661,0.0,0.0,0.0,0.0,0.0,0.0,0.0,0.0,0.0,0.0,0.0,0.0,0.0,0.0,0.579423996971382,0.0,0.0,0.0,0.0,0.0,0.0,0.0,0.0,2.0
D139,0.0,0.0,0.0,0.0,0.0,0.0,0.0,0.0,0.0,0.0,0.0,0.0,0.0,0.0,0.0,0.0,0.0,0.0,0.0,0.0,0.0,0.0,0.0,0.0,0.8684106973112299,0.0,0.0,0.0,0.0,0.0,0.0,0.3988227813125961,0.0,0.0,0.0,0.0,0.0,0.0,0.36134217210348996,0.4138742835492134,0.0,0.3175235624723337,0.0,0.0,0.0,0.0,0.0,0.0,1.0
D140,0.0,0.0,0.0,0.0,0.0,0.8121294679258667,0.0,0.0,0.0,0.0,0.0,0.0,0.0,0.0,0.0,0.0,0.0,0.0,2.4033312448701394,0.0,0.18430724744823757,0.0,0.0,0.0,0.1266432266922387,0.0,0.0,0.0,0.0,0.0,0.0,0.0,0.0,0.0,0.0,0.0,0.0,0.0,0.0,0.0,0.0,0.0,0.0,0.0,0.18223825736748814,0.0,0.0,0.0,9.0
D142,0.0,0.0,0.0,0.0,1.145879734599704,0.0,0.0,0.0,0.0,0.0,0.95336197858676,0.0,0.0,0.0,0.0,0.0,0.0,0.0,0.0,0.0,0.0,0.0,0.0,0.0,0.0,0.0,0.0,0.0,0.0,0.0,0.0,0.0,0.0,0.0,0.0,0.0,0.0,0.0,0.0,0.0,0.0,0.0,0.0,0.0,0.36447651473269826,0.0,0.0,1.201665622427559,11.0
D143,0.0,0.0,0.0,0.0,0.0,0.0,0.0,0.0,0.0,0.0,0.0,0.0,0.0,0.0,0.0,0.0,0.0,0.0,0.0,0.0,0.5361665380297134,0.0,0.0,0.0,0.9210416486682104,0.0,0.5137565492505543,0.0,0.0,0.0,0.0,0.0,0.0,0.0,0.0,0.0,0.0,0.0,0.0,0.0,0.0,0.0,0.0,0.0,0.0,0.0,0.0,0.0,2.0
D144,0.0,0.0,0.0,0.0,0.0,0.0,0.5599572511296664,0.0,0.0,0.0,0.0,0.0,1.0119854765631657,0.0,0.0,0.0,0.5599572511296664,0.0,0.0,0.0,0.24574299659509025,0.0,0.0,0.0,0.0,0.0,0.0,0.0,0.0,0.0,0.0,0.4652932448635876,0.0,0.0,0.0,0.0,0.0,0.0,0.0,0.0,0.0,0.0,0.0,0.0,0.0,0.0,0.0,0.0,5.0
D145,0.0,0.0,0.0,0.0,0.0,0.0,0.0,0.0,0.0,0.0,0.0,0.0,0.0,0.0,0.0,0.0,0.0,0.0,0.0,0.0,0.7372289897791272,0.0,0.0,0.0,0.5065729067594565,0.0,0.0,0.0,0.0,0.0,0.0,0.6979398672895653,0.0,0.0,0.0,0.0,0.0,0.0,0.0,0.0,0.0,0.0,0.0,0.0,0.0,0.0,0.0,0.0,11.0
D146,0.28622131028528774,0.0,0.0,0.0,0.0,0.0,0.0,0.0,0.0,0.0,0.23111805541576,0.0,0.0,0.0,0.0,0.0,0.0,0.0,0.0,0.0,0.13404163450742834,0.0,0.0,0.0,0.5526249892009262,0.0,0.0,0.0,0.0,0.0,0.0,0.0,0.0,0.0,0.0,0.0,0.0,0.0,0.22994501861250632,0.5267490881562807,0.0,0.20206044884708022,0.0,0.0,0.2650738288974115,0.0,0.0,0.0,9.0
D147,0.0,0.0,1.427466844248497,0.0,0.0,0.0,0.0,0.0,0.0,0.0,0.0,0.0,0.0,0.0,0.0,0.0,0.0,0.0,0.0,0.0,0.21063685422486458,0.0,0.0,0.0,0.8684106973112299,0.0,0.0,0.0,0.0,0.0,0.0,0.0,0.0,0.0,0.0,0.0,0.0,0.0,0.0,0.0,0.0,0.0,0.0,0.0,0.0,0.0,0.0,0.0,13.0
D148,0.0,0.0,0.0,0.0,0.0,0.0,0.0,0.4767920567778878,0.0,0.0,0.42371643492568334,0.0,0.0,0.0,0.0,0.0,0.0,0.0,0.0,0.0,0.4914859931901805,0.0,0.0,0.0,0.6754305423515706,0.0,0.0,0.0,0.0,0.0,0.0,0.0,0.0,0.0,0.0,0.0,0.0,0.0,0.0,0.0,0.0,0.0,0.0,0.0,0.0,0.0,0.0,0.0,9.0
D150,0.0,0.0,0.0,0.0,0.0,0.0,0.0,0.520136789219334,0.0,0.0,0.15407870361144047,0.0,0.0,0.0,0.0,0.0,0.1018104092976913,1.313888350757257,0.0,0.0,0.17872217934432094,0.0,0.0,0.0,0.3684166594695169,0.0,0.0,0.0,0.0,0.0,0.0,0.25379631538359954,0.0,0.0,0.0,0.0,0.0,0.0,0.0,0.0,0.0,0.0,0.0,0.0,0.0,0.0,0.0,0.0,10.0
D151,0.0,0.0,0.0,0.0,0.0,0.0,0.0,0.0,0.0,0.0,0.0847432869862666,0.0,0.0,0.0,0.0,0.0,0.0,0.0,0.0,0.0,0.1965943972786935,0.0,0.0,0.0,0.4052583254163459,0.0,0.0,0.2742343539464442,0.1371171769732221,0.0,0.0,0.0,0.0,0.0,0.13509635624601435,0.0,0.0,0.0,0.08431317349173777,0.0,0.0,0.592710649954848,0.8802394763294972,0.0,0.0,0.0,0.0,0.0,7.0
D152,0.0,0.0,0.0,0.0,0.0,0.0,0.0,0.0,0.0,0.0,0.0,0.0,0.0,0.0,0.0,0.0,0.0,0.0,0.0,0.0,0.0,0.0,2.5247812445034667,0.0,0.4676057600937454,0.0,0.0,0.0,0.0,0.0,0.0,0.42950145680101226,0.0,0.0,0.0,0.0,0.0,0.0,0.19456886190316208,0.0,0.0,0.0,0.0,0.0,0.0,0.0,0.0,0.0,1.0
D153,0.0,0.0,1.1102519899499055,0.0,0.0,0.0,0.0,0.9535841135398825,0.0,0.0,0.0,0.0,0.0,0.0,0.0,0.0,0.0,0.0,0.0,0.0,0.0,0.0,0.0,0.0,0.0,0.0,0.0,0.0,0.0,0.0,0.0,0.0,0.0,0.0,0.0,0.0,0.0,0.0,0.8431317348920836,0.0,0.0,0.0,0.0,0.0,0.0,0.0,0.0,0.0,3.0
D154,0.0,0.0,0.0,0.0,0.0,1.0828392905625583,0.0,0.0,0.0,0.0,0.0,0.0,0.0,0.0,0.0,0.0,0.0,0.0,0.0,0.0,0.0,0.0,0.0,0.0,0.900574056473764,0.0,0.3139623356524822,0.0,0.0,0.0,0.0,0.3101954965774484,0.0,0.0,0.0,0.0,0.0,0.0,0.0,0.0,0.0,0.0,0.0,0.0,0.0,0.0,0.0,0.0,2.0
D155,0.0,0.0,0.0,0.0,0.0,0.1910892865714244,0.0,0.0,0.0,0.0,0.0,0.0,0.0,0.0,0.0,0.0,0.0,0.0,0.0,0.0,0.3469312893154774,0.0,0.0,0.0,0.35758087536750416,0.0,0.16621535417031913,0.0,0.0,0.08992537161623729,0.0,0.0,0.0,0.0,0.0,0.0,0.0,0.08689054113873942,0.2975759064415441,0.3408376452796894,0.0,0.13074499631362066,0.0,0.0,0.3430367197517009,0.0,0.0,0.0,3.0
D156,0.0,0.0,0.0,0.0,0.0,0.0,0.0,0.0,0.0,0.0,0.0,0.0,0.0,0.0,0.0,0.0,0.0,0.0,0.0,0.0,0.0,0.0,0.0,0.0,2.026291626987169,0.0,0.0,0.0,0.0,0.0,0.0,0.0,0.0,0.0,0.0,0.0,0.0,0.0,0.0,0.0,0.0,0.0,0.0,0.0,0.0,0.0,0.0,0.0,11.0
D157,0.0,0.0,0.0,0.0,0.0,0.0,0.0,0.0,0.0,0.0,0.0,0.0,0.0,0.0,0.0,0.0,0.0,0.0,0.0,0.0,0.327657328795274,0.0,0.0,0.0,1.5760045988290872,0.0,0.0,0.0,0.0,0.0,0.0,0.0,0.0,0.0,0.0,0.0,0.0,0.0,0.0,0.0,0.0,0.0,0.0,0.0,0.0,0.0,0.0,0.0,1.0
D160,0.0,0.0,0.0,0.0,0.0,0.0,0.0,0.0,0.0,0.0,0.25422986095710487,0.0,0.0,0.0,0.0,0.0,0.33597435068003967,0.0,0.0,0.0,0.0,1.9978661367570167,0.0,0.0,0.6078874881204661,0.0,0.0,0.0,0.0,0.0,0.0,0.0,0.0,0.0,0.0,0.0,0.0,0.0,0.0,0.0,0.0,0.0,0.0,0.0,0.0,0.0,0.0,0.0,9.0
D161,0.0,0.0,0.0,0.0,0.0,0.0,0.0,0.0,0.0,0.0,0.0,0.0,0.0,0.0,0.0,0.0,0.0,0.0,0.0,0.0,0.2457429965971381,0.33297768946005774,0.7814799090124769,0.0,0.6754305423571992,0.0,0.4709435034800315,0.0,0.0,0.0,0.0,0.0,0.0,0.0,0.0,0.0,0.0,0.0,0.0,0.0,0.0,0.0,0.0,0.0,0.24298434315614462,0.0,0.0,0.0,2.0
D164,0.0,0.0,0.0,0.0,0.0,0.36094643018751943,0.0,0.0,0.0,0.0,0.0,0.0,0.0,0.0,0.0,0.0,0.0,2.1898139179110663,0.0,0.0,0.0,0.0,0.0,0.0,0.0,0.4322635286503264,0.0,0.0,0.0,0.0,0.0,0.6203909931548968,0.0,0.0,0.0,0.0,0.0,0.0,0.0,0.0,0.0,0.0,0.0,0.0,0.0,0.0,0.0,0.0,11.0
D167,0.3632808938255398,0.0,0.0,0.0,0.0,0.0,1.6798717534105363,0.0,0.0,0.0,0.09778071575333437,0.0,0.11676755498955463,0.0,0.4100653293763019,0.0,0.0,0.0,0.0,0.0,0.05670992229190173,0.0,0.0,0.0,0.3117371733970292,0.0,0.0,0.0,0.0,0.0,0.0,0.0,0.0,0.0,0.0,0.0,0.0,0.0,0.0,0.0,0.0,0.0,0.0,0.0,0.0,0.0,0.0,0.0,5.0
D169,0.0,0.0,0.0,0.0,0.0,0.0,0.0,0.0,0.0,0.0,0.0,0.0,0.0,0.0,0.0,0.0,0.0,0.0,0.0,0.0,0.2948915959131253,0.0,0.0,0.0,0.4052583254095915,0.0,0.0,0.0,0.0,0.0,0.0,0.0,0.0,0.0,0.0,0.0,0.0,0.0,0.0,0.0,0.0,0.0,0.0,0.0,0.0,0.0,0.0,2.883997493804512,11.0
D170,0.0,0.0,0.0,0.0,0.0,0.0,0.0,0.0,0.0,0.0,0.0,0.0,0.0,0.0,0.0,0.0,0.0,1.0749995597039679,0.0,0.0,0.402124903522285,0.0,0.0,0.0,0.9210416486682104,0.0,0.0,0.0,0.0,0.0,0.0,0.0,0.0,0.0,0.0,0.0,0.0,0.0,0.0,0.0,0.0,0.0,0.0,0.0,0.0,0.0,0.0,0.0,1.0
D171,0.0,0.0,1.1102519899745777,0.0,0.0,0.0,0.0,0.0,0.0,0.0,0.0,0.806223887419636,0.0,0.0,0.0,0.0,0.0,0.0,0.0,0.0,0.0,0.0,0.0,0.0,0.675430542355323,0.0,0.0,0.0,0.0,0.0,0.0,0.0,0.321902220539299,0.0,0.0,0.0,0.0,0.0,0.0,0.0,0.0,0.0,0.0,0.0,0.0,0.0,0.0,0.0,1.0
D173,0.0,0.0,0.0,0.0,0.0,0.0,0.0,0.0,0.0,0.0,0.0,0.0,0.0,0.0,0.0,0.0,0.0,0.0,0.0,0.0,0.0,0.0,0.0,0.0,1.3508610846806268,0.0,0.0,0.0,0.0,1.019154211619715,0.0,0.0,0.0,0.0,0.0,0.0,0.0,0.0,0.0,0.0,0.0,0.0,0.0,0.0,0.0,0.0,0.0,0.0,9.0
D175,0.4497763447359707,0.0,0.0,0.0,0.0,0.6187653088968192,0.0,0.0,0.0,0.0,0.48424735420654585,0.17276226159101896,0.0,0.0,0.0,0.0,0.47996335811685653,0.0,0.0,0.0,0.0,0.0,0.0,0.0,0.0,0.0,0.807331720254366,0.0,0.0,0.0,0.0,0.0,0.0,0.0,0.0,0.0,0.0,0.0,0.0,0.0,0.0,0.0,0.0,0.0,0.0,0.0,0.0,0.0,12.0
D176,3.1484344130880766,0.0,0.0,0.0,0.0,0.0,0.0,0.0,0.0,0.0,0.0,0.0,0.0,0.0,0.0,0.0,0.0,0.0,0.0,0.0,0.0,0.0,0.0,0.0,0.0,0.0,0.0,0.0,0.0,0.0,0.0,0.0,0.0,0.0,0.0,0.0,0.0,0.0,0.0,0.0,0.0,0.0,0.0,0.0,0.0,0.0,0.0,0.0,7.0
D177,0.1749130229527387,0.0,0.0,0.0,0.2546399410239248,0.0,0.0,0.0,0.0,0.0,0.28247762328692755,0.0,0.0,0.0,0.197438862291956,0.0,0.0,0.0,0.0,0.0,0.24574299659782076,0.0,0.0,0.0,0.0,0.0,0.15698116782711324,0.0,0.0,0.0,0.2546399410239248,0.0,0.0,0.0,0.0,0.0,0.0,0.0,0.0,0.0,0.7480347931044752,0.3704441562209568,0.0,0.0,0.3239791242090928,0.0,0.0,0.0,8.0
D178,0.0,0.0,3.330755969794204,0.0,0.0,0.0,0.0,0.0,0.0,0.0,0.0,0.0,0.0,0.0,0.0,0.0,0.0,0.0,0.0,0.0,0.0,0.0,0.0,0.0,0.0,0.0,0.0,0.0,0.0,0.0,0.0,0.0,0.0,0.0,0.0,0.0,0.0,0.0,0.0,0.0,0.0,0.0,0.0,0.0,0.0,0.0,0.0,0.0,10.0
D179,0.0,0.0,0.0,0.0,0.0,0.24988599013067547,0.0,1.1002893618050003,0.0,0.0,0.0,1.3953874974618332,0.0,0.0,0.0,0.0,0.0,0.0,0.0,0.0,0.0,0.0,0.0,0.0,0.0,0.0,0.0,0.0,0.0,0.0,0.0,0.0,0.0,0.0,0.0,0.0,0.0,0.45450436903124686,0.0,0.0,0.0,0.0,0.0,0.0,0.0,0.0,0.0,0.0,12.0
D180,0.0,0.0,0.0,0.0,0.0,0.0,0.0,0.0,0.0,0.0,0.6355746523832285,0.0,0.7589891074160495,0.0,0.0,0.0,0.0,0.0,0.0,0.0,0.3686144948895636,0.0,0.0,0.0,0.0,0.0,0.0,0.0,0.0,0.0,0.0,0.0,0.0,0.0,0.0,0.0,0.0,0.0,0.6323488011743323,0.0,0.0,0.0,0.0,0.0,0.0,0.0,0.0,0.0,3.0
D181,0.0,0.0,0.0,0.0,0.0,0.0,0.0,0.0,0.0,0.0,0.0,0.0,0.0,0.0,0.0,0.0,0.0,0.9854162630660018,0.0,0.0,0.5160602928557103,0.0,0.0,0.0,0.0,0.0,0.0,0.0,0.0,0.0,0.22917594692165963,0.5583518938428192,0.0,0.0,0.0,0.0,0.0,0.0,0.0,0.0,0.0,0.11113324686634876,0.0,0.0,0.2915812117883455,0.0,0.0,0.0,11.0
D182,0.0,0.0,0.0,0.0,0.0,0.0,0.0,0.0,0.0,0.0,1.6948657396744855,0.0,0.0,0.0,0.0,0.0,0.0,0.0,0.0,0.0,0.0,0.0,0.0,0.0,0.0,0.0,0.9418870069365158,0.0,0.0,0.0,0.0,0.0,0.0,0.0,0.0,0.0,0.0,0.0,0.0,0.0,0.0,0.0,0.0,0.0,0.0,0.0,0.0,0.0,2.0
D183,0.0,0.0,0.0,0.0,0.0,0.0,0.0,0.0,0.0,0.0,2.5422986095117284,0.0,0.0,0.0,0.0,0.0,0.0,0.0,0.0,0.0,0.0,0.0,0.0,0.0,0.0,0.0,0.0,0.0,0.0,0.0,0.0,0.0,0.0,0.0,0.0,0.0,0.0,0.0,0.0,0.0,0.0,0.0,0.0,0.0,0.0,0.0,0.0,0.0,2.0
D185,0.0,0.0,0.0,0.0,0.0,0.0,0.0,1.4303761703217437,0.0,0.0,0.6355746523832285,0.0,0.0,0.0,0.0,0.0,0.0,0.0,0.0,0.0,0.0,0.0,0.0,0.0,0.0,0.0,0.0,0.0,0.0,0.0,0.0,0.0,0.0,0.0,0.0,0.0,0.0,0.7385695996629932,0.0,0.0,0.0,0.0,0.0,0.0,0.0,0.0,0.0,0.0,2.0
D186,0.0,0.0,0.0,0.0,0.0,0.0,0.0,0.0,0.0,0.0,0.0,0.0,0.0,0.0,0.0,0.0,0.0,0.0,0.0,0.0,0.0,0.0,0.0,0.0,0.0,0.0,0.0,0.0,0.0,0.0,0.0,0.0,0.0,0.0,0.0,0.0,0.0,0.0,0.0,0.0,0.0,0.0,0.0,0.0,0.0,0.0,0.0,0.0,2.0
D187,0.0,0.0,0.0,0.0,0.0,0.0,0.0,0.0,0.0,0.0,0.0,0.0,0.0,0.0,0.0,0.0,0.0,0.0,0.0,0.0,0.0,0.0,0.0,0.0,0.0,0.0,0.0,0.0,0.0,0.7643656587307106,0.0,0.0,0.3621399981062084,0.0,0.5066113359179099,0.0,0.0,0.0,0.6323488011822367,0.0,0.0,0.5556662343275763,0.0,0.0,0.0,0.0,0.0,0.0,3.0
D188,0.0,0.0,0.0,0.0,0.0,0.0,0.0,0.0,0.0,0.0,0.0,0.0,0.0,0.0,0.0,0.0,0.0,0.0,0.0,0.0,0.327657328795274,0.0,0.0,0.0,0.0,0.0,0.0,0.0,0.0,0.6794361410949086,0.0,0.0,0.643804441078598,0.0,0.0,0.0,0.0,0.6565063108206676,0.0,0.0,0.0,0.24696277081259913,0.0,0.0,0.0,0.0,0.0,0.0,4.0
D189,0.0,0.0,0.0,0.0,0.0,0.0,0.0,0.0,0.0,0.0,0.0,0.0,0.0,0.0,0.0,0.0,0.0,0.0,0.0,0.0,0.0,0.0,0.0,0.0,0.0,0.0,0.0,0.0,0.0,0.0,0.0,0.0,0.0,0.0,0.0,0.0,0.0,0.0,0.0,0.0,0.0,0.0,0.0,0.0,0.0,0.0,0.0,0.0,1.0
D190,0.0,0.0,1.665377984897102,0.0,0.0,0.0,0.0,0.0,0.0,0.0,0.0,0.0,0.0,0.0,0.0,1.6798717533330034,0.0,0.0,0.0,0.0,0.0,0.0,0.0,0.0,0.0,0.0,0.0,0.0,0.0,0.0,0.0,0.0,0.0,0.0,0.0,0.0,0.0,0.0,0.0,0.0,0.0,0.0,0.0,0.0,0.0,0.0,0.0,0.0,10.0
D191,0.0,0.0,0.0,0.0,0.0,0.0,0.0,0.0,0.0,0.0,0.0,0.0,2.023970953092599,0.0,0.0,0.0,0.0,1.313888350717442,0.0,0.0,0.0,0.0,0.0,0.0,0.0,0.0,0.0,0.0,0.0,0.0,0.0,0.0,0.0,0.0,0.0,0.0,0.0,0.0,0.0,0.0,0.0,0.0,0.0,0.0,0.0,0.0,0.0,0.0,1.0
D192,0.0,0.0,0.0,0.0,0.0,0.0,0.0,0.0,0.0,0.0,0.0,0.0,0.0,0.6754817812295089,0.0,0.0,0.0,0.0,0.0,0.0,0.36861449489724313,0.0,0.0,0.0,0.08442881779500169,0.16209882324499814,0.0,0.0,0.0,0.0,0.0,0.11632331121735096,0.0,0.0,0.0,0.0,0.0,0.0,0.21078293372916876,0.12071333270307542,0.0,0.09261103905536781,0.0,0.18700869827637853,0.7289530294714712,0.0,0.0,0.0,5.0
D193,0.0,0.0,0.3330755969927434,0.0,0.0,0.0,0.0,0.0,0.0,0.0,0.0,0.0,0.0,0.0,0.0,0.0,0.0,0.0,0.0,0.0,0.8846747877482227,0.0,0.0,0.0,0.0,0.0,0.0,0.0,0.0,0.0,0.0,0.0,0.0,0.0,0.0,0.0,0.0,0.0,0.0,0.0,0.0,0.6667994811947585,0.0,0.0,0.0,0.0,0.0,0.0,5.0
D194,1.049478137715266,0.0,0.0,0.0,0.0,0.0,1.5678803031787447,0.0,0.0,0.0,0.0,0.0,0.20239709531465713,0.0,0.0,0.0,0.0,0.0,0.0,0.0,0.0,0.0,0.0,0.0,0.13508610847166497,0.0,0.0,0.0,0.0,0.0,0.0,0.1861172979472962,0.0,0.0,0.0,0.0,0.0,0.0,0.0,0.0,0.0,0.0,0.0,0.0,0.0,0.0,0.0,0.0,5.0
D195,0.0,0.0,0.0,0.0,0.0,0.0,0.0,0.7946534279719759,0.0,0.0,0.42371643493039135,0.4031119437120576,0.0,0.0,0.0,0.0,0.0,0.0,0.0,0.0,0.08191433219927358,0.0,0.0,0.0,0.7880022994189214,0.0,0.0,0.0,0.0,0.0,0.0,0.0,0.0,0.0,0.0,0.0,0.0,0.0,0.0,0.0,0.0,0.0,0.0,0.0,0.0,0.0,0.0,0.0,9.0
D196,0.0,0.0,0.0,0.0,0.0,0.0,0.5599572511296664,0.0,0.0,0.0,0.0,0.0,0.0,0.0,0.0,0.0,0.0,0.0,0.0,0.0,1.2287149829754513,0.0,0.0,0.0,0.0,0.0,0.0,0.0,0.0,0.0,0.0,0.0,0.0,0.0,0.0,0.0,0.0,0.0,0.0,0.0,0.0,0.0,0.0,0.0,0.0,0.0,0.0,0.0,5.0
D198,0.0,0.0,0.0,0.0,0.0,0.0,0.0,0.0,0.0,0.0,0.10592910873274496,0.0,0.0,0.0,0.0,0.0,0.0,0.0,0.0,0.0,0.7986647389440267,0.0,0.0,0.0,0.16885763559000339,0.0,0.0,0.0,0.0,0.12739427645618007,0.0,0.0,0.12071333270307542,0.0,0.0,0.0,0.0,0.0,0.0,0.36213999810922626,0.0,0.09261103905536781,0.0,0.0,0.24298434315715708,0.0,0.0,0.0,15.0
D201,0.0,0.0,0.0,0.0,0.0,0.0,0.14607580464432118,0.3731416096568567,0.0,0.0,0.3316041664676633,0.0,0.0,0.0,0.0,0.0,0.0,0.0,0.0,0.5740692236925679,0.5769618180999282,0.0,0.0,0.0,0.08809963595998581,0.0,0.0,0.0,0.0,0.0,0.0,0.36414253946294567,0.0,0.0,0.0,0.0,0.0,0.0,0.0,0.0,0.0,0.0,0.0,0.0,0.0,0.0,0.0,0.0,5.0
D202,0.0,0.0,0.0,0.0,0.0,0.0,0.0,0.0,0.0,0.0,0.0,0.0,0.0,0.0,0.0,0.0,0.0,0.0,0.0,0.0,0.9829719863639781,0.0,0.0,0.0,0.6754305423403134,0.0,0.0,0.0,0.0,0.0,0.0,0.0,0.0,0.0,0.0,0.0,0.0,0.0,0.0,0.0,0.0,0.0,0.0,0.0,0.0,0.0,0.0,0.0,2.0
D203,0.0,0.0,0.0,0.0,0.0,0.9023660754738119,0.0,0.3178613711887904,0.0,0.0,0.14123881164346377,0.0,0.0,0.0,0.0,0.0,0.0,0.0,0.0,0.0,0.24574299659782076,0.0,0.0,0.0,0.6754305423590755,0.0,0.0,0.0,0.0,0.0,0.0,0.0,0.0,0.0,0.0,0.0,0.0,0.0,0.14052195581925067,0.0,0.0,0.0,0.0,0.0,0.0,0.0,0.0,0.0,3.0
D208,0.0,0.0,0.0,0.0,0.0,0.0,1.0609716337314667,0.0,0.0,0.0,0.0,0.19094776281103049,0.0,0.0,0.0,0.0,0.0,0.0,0.0,0.0,0.07760305155722924,0.0,0.0,0.0,0.9598223496684405,0.0,0.0,0.0,0.0,0.0,0.0,0.0,0.0,0.0,0.0,0.0,0.0,0.31097667354845066,0.0,0.0,0.0,0.0,0.0,0.0,0.0,0.0,0.0,0.0,9.0
D209,1.4692693928013723,0.0,0.0,0.0,0.0,0.0,0.0,0.0,0.0,0.0,0.0,0.0,0.6071912859439714,0.0,0.2369266347500839,0.0,0.0,0.0,0.0,0.0,0.09829719863901906,0.0,0.0,0.0,0.27017221694332993,0.0,0.0,0.0,0.0,0.0,0.0,0.1861172979472962,0.0,0.0,0.0,0.0,0.0,0.0,0.0,0.0,0.0,0.0,0.0,0.0,0.0,0.0,0.0,0.0,2.0
D211,0.5247390688567584,0.0,0.0,0.0,0.0,0.0,0.5599572511343327,0.0,0.0,0.0,0.0,0.0,0.0,0.0,0.0,0.0,0.27997862556716635,0.0,0.0,0.0,0.12287149829856905,0.0,0.0,0.0,0.0,0.0,0.0,0.0,0.0,0.0,0.0,0.23264662243373252,0.48285333081028975,0.0,0.0,0.0,0.0,0.0,0.0,0.0,0.0,0.0,1.1002993454063699,0.0,0.0,0.0,0.0,0.0,9.0
D212,0.0,0.0,0.0,0.0,0.0,0.0,0.0,0.2681955319411937,0.771905294121782,0.0,0.0,0.7936266391850423,0.09487363842908154,0.0,0.0,0.0,0.0,0.0,0.0,0.0,0.09215362372440675,0.0,0.14652748294060258,0.0,0.06332161334631722,0.0,0.0,0.1285473534124225,0.0,0.0,0.0,0.0,0.0,0.17186905219728368,0.12665283398066482,0.0,0.0,0.0,0.0,0.0,0.0,0.0694582792915982,1.1002993454121004,0.0,0.0,0.0,0.0,0.0,9.0
D213,0.1749130229527387,0.0,0.0,0.0,0.0,0.0,1.1199145022717765,0.1589306855943952,0.0,0.0,0.0,0.0,0.0,0.0,0.394877724583912,0.0,0.0,0.0,0.0,0.0,0.16382866439854715,0.0,0.0,0.0,0.22514351411969183,0.0,0.0,0.0,0.0,0.16985903527467083,0.0,0.0,0.0,0.0,0.0,0.0,0.0,0.0,0.0,0.32190222054108736,0.0,0.12348138540698558,0.0,0.0,0.0,0.0,0.0,0.0,15.0
D214,1.3028004468231438,0.0,0.22970730827236252,0.0,0.0,0.0,0.0,0.0,0.0,0.0,0.0,0.0,0.20937630549859504,0.0,0.1225482593538861,0.0,0.8109725706123057,0.0,0.0,0.0,0.0,0.0,0.0,0.0,0.06987212507177573,0.0,0.0,0.0,0.0,0.10542974603277648,0.0,0.0,0.0,0.0,0.0,0.0,0.17035151318544164,0.0,0.0,0.09990068913365142,0.0,0.07664361852863531,0.0,0.0,0.0,0.0,0.0,0.0,1.0
D215,0.0,0.0,0.0,0.0,1.1458797345853804,0.0,0.0,0.7151880851608718,0.0,0.0,0.0,0.0,0.0,0.0,0.0,0.0,0.0,0.0,0.0,0.0,0.0,0.0,0.0,0.0,0.0,0.0,0.7064152552082736,0.0,0.0,0.0,0.0,0.0,0.0,0.0,0.0,0.0,0.0,0.0,0.0,0.0,0.0,0.0,0.0,0.0,0.0,0.0,0.0,1.2016656224125382,5.0
D216,0.0,0.0,0.0,0.0,0.0,0.0,0.0,0.0,0.6586925176504501,0.0,0.0,0.0,0.0,0.0,0.0,0.0,0.0,0.0,0.0,0.0,0.1965943972786935,0.0,0.0,0.0,0.3377152711802882,0.0,0.0,0.2742343539464442,0.4113515309196663,0.0,0.0,0.0,0.0,0.0,0.13509635624601435,0.0,0.0,0.0,0.08431317349173777,0.09657066616254083,0.0,0.0,1.3203592144942455,0.0,0.0,0.0,0.0,0.0,9.0
D218,0.0,0.0,0.0,0.0,0.0,0.0,0.0,0.0,0.0,0.0,0.0,0.0,0.0,0.0,0.0,0.0,0.0,0.0,0.0,0.0,0.0,0.0,0.0,0.0,0.0,0.0,0.0,0.0,0.0,0.0,0.0,0.0,0.0,0.0,0.0,0.0,0.0,0.0,0.0,0.0,0.0,0.0,0.0,0.0,0.0,0.0,0.0,0.0,1.0
D219,0.0,0.0,0.0,0.0,0.0,0.0,0.0,0.19071682271306228,0.0,0.0,0.16948657397196817,0.0,0.40479419062931427,0.0,0.0,0.0,0.0,0.0,0.0,0.0,0.09829719863901906,0.0,0.0,0.0,0.9456027593016549,0.0,0.0,0.0,0.0,0.0,0.0,0.0,0.0,0.0,0.0,0.0,0.0,0.5908556797412269,0.0,0.0,0.0,0.0,0.0,0.0,0.0,0.0,0.0,0.0,5.0
D220,0.0,0.0,0.0,0.0,0.0,0.0,0.5599572511296664,0.0,0.0,0.0,0.0,0.0,0.0,0.0,0.0,0.0,0.0,0.0,0.0,0.0,0.0,0.0,0.0,0.0,0.0,0.0,0.0,0.0,0.0,0.0,0.0,1.8611729794543503,0.0,0.0,0.0,0.0,0.0,0.0,0.0,0.0,0.0,0.3704441562168406,0.0,0.0,0.0,0.0,0.0,0.0,5.0
D221,0.0,0.0,0.0,0.0,0.0,0.0,0.0,0.0,0.0,0.0,0.0,0.0,0.0,0.0,0.0,0.30543122789122285,0.0,0.0,0.0,0.0,0.0,0.0,0.0,0.0,0.9210416486682104,0.0,0.0,0.0,0.0,0.27795114863029685,0.0,0.0,0.0,0.0,0.0,0.0,0.0,0.0,0.0,0.5267490881562807,0.0,0.20206044884708022,0.0,0.0,0.2650738288974115,0.0,0.0,0.0,1.0
D222,0.0,0.0,0.0,0.0,0.0,0.295319806517658,1.2217249115648914,0.0,0.0,0.0,0.0,0.0,0.0,0.0,0.0,0.0,0.0,0.0,0.0,0.0,0.0,0.0,0.0,0.0,1.1052499784018524,0.0,0.0,0.0,0.0,0.0,0.0,0.0,0.0,0.0,0.0,0.0,0.0,0.0,0.0,0.0,0.0,0.0,0.0,0.0,0.0,0.0,0.0,0.0,5.0
D224,0.6296868826312586,0.0,0.0,0.0,0.0,0.0,0.22398290045485303,0.09535841135684903,0.0,0.0,0.0,0.0,0.0,0.0,0.3553899521263105,0.0,0.33597435068227954,0.0,0.0,0.0,0.1474457979590201,0.0,0.0,0.0,0.0,0.0,0.0,0.2742343539464442,0.0,0.0,0.1527839646146944,0.0,0.19314133232508165,0.0,0.13509635624601435,0.0,0.0,0.0,0.08431317349173777,0.19314133232508165,0.0,0.148177662488712,0.0,0.0,0.09719373726294384,0.0,0.0,0.0,7.0
D225,0.0,0.0,0.0,0.0,0.0,0.0,0.0,0.0,0.0,0.0,0.0,0.48373433245393155,0.0,0.0,0.0,0.0,0.0,0.0,0.0,0.0,0.2948915959170572,0.0,0.0,0.0,0.0,0.0,0.0,0.0,0.0,0.0,0.0,0.0,0.0,0.0,0.0,0.0,0.0,0.0,0.5058790409487403,0.19314133232443778,0.0,0.44453298746465414,0.0,0.0,0.583162423575719,0.0,0.0,0.0,3.0
D226,0.0,0.0,0.0,0.0,0.0,0.0,0.0,0.0,0.0,0.0,0.8474328698372428,0.0,0.0,0.0,0.0,0.0,0.0,0.0,0.0,0.0,0.0,0.0,0.0,0.0,0.0,0.0,1.8837740138730317,0.0,0.0,0.0,0.0,0.0,0.0,0.0,0.0,0.0,0.0,0.0,0.0,0.0,0.0,0.0,0.0,0.0,0.0,0.0,0.0,0.0,10.0
D227,0.0,0.0,0.0,0.0,0.0,0.0,0.0,0.0,0.0,0.0,0.0,0.0,0.0,0.0,0.0,0.0,0.0,0.0,0.0,0.0,0.0,0.0,0.0,0.0,0.0,0.0,0.0,0.0,0.0,0.0,0.0,0.0,0.0,0.0,0.0,0.0,0.0,2.954278398430402,0.0,0.0,0.0,0.0,0.0,0.0,0.0,0.0,0.0,0.0,9.0
D228,0.0,0.0,0.0,0.0,0.0,0.0,0.0,0.0,0.0,0.0,0.0,1.0365735695362415,0.0,0.0,0.0,0.0,0.0,0.0,0.0,0.0,0.0,0.0,0.0,2.564690719192953,0.0,0.0,0.0,0.0,0.0,0.0,0.0,0.0,0.0,0.0,0.0,0.5182867847681207,0.0,0.0,0.0,0.0,0.0,0.0,0.0,0.0,0.0,0.0,0.0,0.0,8.0
D229,0.0,0.0,0.0,0.0,0.0,0.7218928603750389,0.0,0.0,0.0,0.0,0.0,0.0,0.0,0.0,0.0,0.0,0.0,0.0,0.0,0.0,0.163828664397637,0.0,0.0,0.0,0.0,0.0,0.6279246713049644,0.0,0.0,0.0,0.0,0.0,0.0,0.0,0.0,0.0,0.0,0.0,0.56208782327388,0.0,0.0,0.24696277081259913,0.0,0.0,0.32397912420729286,0.0,0.0,0.0,2.0
D230,0.0,0.0,0.0,0.0,0.0,1.0828392905565425,0.0,0.0,0.0,0.0,0.0,0.0,0.0,0.0,0.0,0.0,0.0,0.0,0.0,0.0,0.24574299659509025,0.0,0.0,0.0,0.0,0.0,0.0,0.0,0.0,0.5095771058183505,0.0,0.0,0.0,0.0,0.0,0.0,0.0,0.0,0.0,0.0,0.0,0.7408883124336813,0.0,0.0,0.0,0.0,0.0,0.0,2.0
D231,0.0,0.0,0.0,0.0,0.0,0.0,0.0,0.0,0.0,0.0,0.0,0.0,0.0,0.0,0.0,0.0,0.0,0.0,0.0,0.0,0.0,0.0,0.0,0.0,0.0,0.0,0.0,0.0,0.0,0.0,0.0,0.0,0.0,0.0,0.0,0.0,0.0,0.0,0.0,0.0,4.488208758202965,0.0,0.0,0.0,0.0,0.0,0.0,0.0,8.0
D232,0.0,0.0,0.0,0.0,0.0,0.0,0.0,0.0,0.0,0.0,0.31778732619558664,0.0,0.0,0.0,0.0,0.0,0.0,0.0,0.0,0.0,0.18430724744708563,0.0,0.0,0.0,0.0,0.0,0.7064152552171039,0.0,0.0,0.0,0.0,0.0,0.0,0.0,0.0,0.0,0.0,0.0,0.0,0.0,0.0,1.1113324686551527,0.0,0.0,0.0,0.0,0.0,0.0,5.0
D233,0.0,0.0,0.0,0.0,0.0,0.32485178716912844,0.0,0.0,0.0,0.0,0.0,0.0,0.0,0.0,0.0,0.0,0.0,0.0,0.0,0.0,0.1474457979580371,0.0,0.0,0.0,0.8105166508272882,0.0,0.0,0.0,0.0,0.0,0.0,0.0,0.579423996971382,0.0,0.0,0.0,0.0,0.0,0.0,0.0,0.0,0.4445329874631724,0.0,0.0,0.0,0.0,0.0,0.0,2.0
D235,1.240292344577097,0.0,0.0,0.0,0.0,0.0,0.0,0.0,0.0,0.0,0.23111805541716068,0.0,0.0,0.0,0.6461635493207604,0.0,0.4072416371907652,0.0,0.0,0.0,0.1340416345082407,0.0,0.0,0.0,0.0,0.0,0.0,0.0,0.0,0.0,0.0,0.08459877179453318,0.08779151469324552,0.0,0.0,0.0,0.0,0.0,0.15329667907593328,0.0,0.0,0.0,0.0,0.0,0.0,0.0,0.0,0.0,2.0
D236,0.0,0.0,0.0,0.0,0.0,0.0,0.0,0.0,0.0,0.0,0.36318551565145046,0.0,0.0,0.0,0.0,0.0,0.0,0.0,0.0,0.0,0.21063685422486458,0.0,0.0,0.0,0.0,0.0,0.4036658601233385,0.0,0.0,0.0,0.0,0.3988227813125961,0.4138742835492134,0.0,0.0,0.0,0.0,0.42203977124051795,0.36134217210348996,0.0,0.0,0.0,0.0,0.0,0.0,0.0,0.0,0.0,15.0
D237,0.0,0.0,0.0,0.0,0.0,0.0,0.0,0.0,0.0,0.0,0.0,0.0,0.0,0.0,0.0,0.0,0.0,0.0,0.0,0.0,0.7372289897606965,0.0,0.0,0.0,0.0,0.0,0.0,0.0,0.0,0.0,0.0,0.0,0.0,0.0,0.0,0.0,0.0,0.0,0.0,0.0,0.0,0.0,0.0,2.244104379213687,0.0,0.0,0.0,0.0,3.0
D238,0.0,0.0,0.0,0.0,0.0,0.0,0.0,0.0,0.0,0.0,0.0,0.0,0.0,0.0,0.0,0.0,0.0,0.0,0.0,0.0,0.0,0.0,0.0,0.0,0.0,0.0,0.0,0.0,0.0,0.0,0.0,0.0,0.0,0.0,0.0,3.6280074932472735,0.0,0.0,0.0,0.0,0.0,0.0,0.0,0.0,0.0,0.0,0.0,0.0,13.0
D239,0.0,0.0,0.0,0.0,0.7639198230632863,0.0,0.0,0.0,0.0,0.0,0.0,0.0,0.0,0.0,0.0,0.0,0.0,0.0,0.0,0.0,0.982971986380361,0.0,0.0,0.0,0.0,0.0,0.0,0.0,0.0,0.0,0.0,0.0,0.48285333080626597,0.0,0.0,0.0,0.0,0.0,0.0,0.0,0.0,0.0,0.0,0.0,0.0,0.0,0.0,0.0,11.0
D240,0.0,0.0,0.0,0.0,0.0,0.0,0.0,0.0,0.0,0.0,0.0,0.0,1.2143825718717511,0.0,0.0,0.0,0.0,0.0,0.0,0.0,0.0,0.0,0.9377758908040316,0.0,0.0,0.0,0.0,0.8227030618256207,0.0,0.0,0.0,0.0,0.0,0.0,0.8105781374625763,0.0,0.0,0.0,0.0,0.0,0.0,0.0,0.0,0.0,0.0,0.0,0.0,0.0,1.0
D241,0.0,0.0,0.0,0.0,0.0,0.0,0.0,0.0,0.0,0.0,1.2711493047346785,0.0,0.0,0.0,0.0,0.0,0.0,0.0,0.0,0.0,0.0,0.0,0.0,0.0,0.0,0.0,1.4128305103812266,0.0,0.0,0.0,0.0,0.0,0.0,0.0,0.0,0.0,0.0,0.0,0.0,0.0,0.0,0.0,0.0,0.0,0.0,0.0,0.0,0.0,10.0
D242,0.0,0.0,0.0,0.0,0.0,0.0,0.0,0.0,0.0,0.0,0.0,0.45350093667291547,0.0,0.0,0.0,0.0,0.0,0.0,0.0,1.1002993454017853,0.36861449489417125,0.0,0.0,0.0,0.0,0.0,0.35320762760855196,0.0,0.0,0.0,0.0,0.34896993364914475,0.0,0.0,0.0,0.0,0.0,0.0,0.31617440059111834,0.0,0.0,0.0,0.0,0.0,0.0,0.0,0.0,0.0,3.0
D243,2.0989562754270334,0.0,0.0,0.0,0.0,0.0,0.0,0.0,0.0,0.0,0.0,0.0,0.0,0.6754817812266942,0.0,0.27997862556716635,0.0,0.0,0.0,0.0,0.0,0.0,0.0,0.0,0.0,0.0,0.23547175174001575,0.0,0.0,0.0,0.0,0.0,0.0,0.0,0.0,0.0,0.0,0.0,0.0,0.0,0.0,0.0,0.0,0.0,0.0,0.0,0.0,0.0,7.0
D244,0.0,0.0,0.0,0.0,0.0,0.0,0.0,0.0,0.0,0.0,0.0,0.0,0.0,0.0,0.0,0.0,0.0,0.0,0.0,0.0,1.474457979521393,0.0,0.0,0.0,0.0,0.0,0.0,0.0,0.0,0.0,0.0,0.0,0.0,0.0,0.0,0.0,0.0,0.0,0.0,0.0,0.0,0.0,0.0,0.0,0.0,0.0,0.0,0.0,9.0
D245,0.0,0.0,0.0,0.0,0.0,0.0,0.0,0.0,0.0,0.0,0.0,0.0,0.0,0.0,0.0,0.0,0.0,0.0,0.0,0.0,0.0,0.0,0.0,0.0,0.0,0.0,0.0,0.0,0.0,0.0,0.0,0.0,0.0,0.0,0.0,0.0,0.0,0.0,0.0,0.0,0.0,0.0,0.0,0.0,0.0,0.0,0.0,0.0,1.0
D246,0.0,0.0,0.0,0.0,0.0,0.0,0.0,0.0,0.0,0.0,0.0,0.0,0.0,0.0,0.0,0.0,0.0,0.0,0.0,0.0,0.49148599318198904,0.0,0.0,0.0,0.6754305423403134,0.0,0.0,0.0,0.0,0.0,0.0,0.0,0.0,0.0,0.0,0.0,0.0,0.0,0.8431317348920836,0.0,0.0,0.0,0.0,0.0,0.0,0.0,0.0,0.0,3.0
D247,0.0,0.0,0.0,0.0,0.0,0.0,0.0,0.0,0.0,0.0,0.0,3.6280074933833237,0.0,0.0,0.0,0.0,0.0,0.0,0.0,0.0,0.0,0.0,0.0,0.0,0.0,0.0,0.0,0.0,0.0,0.0,0.0,0.0,0.0,0.0,0.0,0.0,0.0,0.0,0.0,0.0,0.0,0.0,0.0,0.0,0.0,0.0,0.0,0.0,6.0
D248,0.9687490501977134,0.0,0.0,0.0,0.0,0.24988599013067547,0.0,0.0,0.0,0.39187265862945486,0.0,0.2790774994923666,0.0,0.0,0.0,0.0,0.0,0.0,0.0,0.0,0.4536793783334689,0.0,0.0,0.0,0.0,0.0,0.0,0.0,0.0,0.0,0.0,0.0,0.0,0.0,0.0,0.0,0.0,0.0,0.19456886190316208,0.0,0.0,0.17097422594776854,0.0,0.0,0.0,0.0,0.0,0.0,12.0
D250,0.0,0.0,0.0,0.0,0.49109131483282936,0.0,0.0,0.0,0.0,0.0,0.0,0.0,0.0,0.0,0.0,0.0,0.0,0.0,0.0,0.0,0.15797764067034106,0.0,0.0,0.0,0.0,0.0,0.8073317202553272,0.0,0.0,0.0,0.0,0.0,0.0,0.0,0.0,0.12957169619341846,0.0,0.31652982843377986,0.0,0.20693714177682393,0.0,0.4762853437136037,0.0,0.0,0.20827229413483006,0.0,0.0,0.0,11.0
D251,0.0,0.0,0.0,0.0,0.0,0.0,0.0,0.0,0.0,0.0,0.0,0.0,0.0,4.052890687371424,0.0,0.0,0.0,0.0,0.0,0.0,0.0,0.0,0.0,0.0,0.0,0.0,0.0,0.0,0.0,0.0,0.0,0.0,0.0,0.0,0.0,0.0,0.0,0.0,0.0,0.0,0.0,0.0,0.0,0.0,0.0,0.0,0.0,0.0,1.0
D252,0.0,0.0,0.0,0.0,0.0,0.0,0.6719487013533598,0.0,0.0,0.0,0.0,0.0,0.0,0.0,0.0,0.0,0.0,0.0,0.0,0.0,0.0,0.0,0.0,0.0,0.0,0.0,1.695396612508334,0.0,0.0,0.0,0.0,0.0,0.5794239969655878,0.0,0.0,0.0,0.0,0.0,0.0,0.0,0.0,0.0,0.0,0.0,0.0,0.0,0.0,0.0,5.0
D253,0.0,0.0,0.9516445628413946,0.0,0.0,0.0,0.0,0.27245260387632225,0.0,0.0,0.0,0.0,0.0,0.0,0.0,0.0,0.0,2.252380029865683,0.0,0.0,0.0,0.0,0.0,0.0,0.0,0.0,0.0,0.0,0.0,0.0,0.0,0.0,0.0,0.0,0.0,0.0,0.0,0.14067992374817914,0.0,0.0,0.0,0.0,0.0,0.0,0.0,0.0,0.0,0.0,14.0
D254,0.0,0.0,0.0,0.0,0.0,0.0,0.0,0.0,0.0,0.0,0.0,0.0,0.0,0.0,0.0,3.359743506666007,0.0,0.0,0.0,0.0,0.0,0.0,0.0,0.0,0.0,0.0,0.0,0.0,0.0,0.0,0.0,0.0,0.0,0.0,0.0,0.0,0.0,0.0,0.0,0.0,0.0,0.0,0.0,0.0,0.0,0.0,0.0,0.0,5.0
D255,0.0,0.0,0.0,0.0,0.0,0.0,0.0,0.0,0.0,0.0,0.0,1.0365735695362415,0.0,0.0,0.0,0.0,0.0,0.0,0.0,0.0,0.21063685422486458,0.0,0.0,0.0,0.0,0.0,0.0,0.0,0.0,0.4367803764167689,0.0,0.0,0.0,0.0,0.0,0.0,0.0,0.0,0.36134217210348996,0.0,0.0,0.6350471249446674,0.0,0.0,0.0,0.0,0.0,0.0,3.0
D256,0.0,0.0,0.06168066611032699,0.0,0.0,0.2707098226433968,0.0,0.0,0.0,0.0,0.0,0.0,0.028110707682752648,0.03752676562398321,0.0,0.03110873617436003,0.0,0.0,0.0,0.16300731043178077,0.6553146575972225,0.0,0.0,0.0,0.0,0.36021960721227425,0.026163527971306666,0.0,0.0,0.0,0.0,0.0516992494301013,0.134125925226074,0.0,0.0,0.23514863383312223,0.0,0.027354429617806427,0.11710162984991768,0.0,0.04155748850599657,0.0,0.0,0.0,0.2699826035088272,0.0,0.0,0.0,2.0
D257,0.6619785176398569,0.0,0.0,0.0,0.0,0.0,0.0,0.014670524824171995,0.0,0.0,0.0,0.0,0.0,0.0,0.09112562875059306,0.0,0.24121235433667593,0.0,0.0,0.0,0.2797689499743144,0.5122733684040951,0.0,0.0,0.0,0.05985187319837184,0.3622642334490112,0.0,0.042189900607264255,0.015679295563894836,0.0,0.028633430453606393,0.029714051127019442,0.0,0.0,0.0,0.0,0.24240233015173865,0.20754011936486294,0.0,0.0,0.0,0.0,0.0,0.07476441327939844,0.0,0.0,0.0,9.0
D258,0.0,0.028369172682866765,0.0,0.0,0.0,0.0,0.0,0.13842350035710332,0.0,0.0,0.19135580932436275,0.0,0.0,0.0,0.0,0.0,0.0,0.0,0.20673817160291336,0.0,0.507340380075466,0.0,0.0,0.0,0.0,0.20915977192978888,0.030383451837658247,0.0,0.0,0.0,0.0,0.540340542430946,0.17133505286950304,0.0,0.0,0.019505416631326468,0.0,0.11118252038209511,0.21758238320509285,0.0,0.0,0.0,0.0,0.0,0.10973486465201755,0.0,0.0,0.0,11.0
D259,0.04088875861250258,0.06852813141570394,0.0,0.0,0.0,0.0,0.0,0.0,0.0,0.0,0.03301686505965156,0.0,0.039428005580989016,0.0,0.09230907847455419,0.0,0.08726606511245795,0.0,0.18727256453626276,0.0,0.3255296838062911,0.10378525385841043,0.0,0.0,0.0,1.1620590965129296,0.0,0.0,0.0,0.0,0.0,0.14502646593373658,0.0,0.0,0.0,0.28270188260446455,0.0,0.03836725193145445,0.06569857674694232,0.0,0.05828842543696047,0.0,0.057158407553979745,0.0,0.3408092085850419,0.0,0.0,0.0,9.0
D260,0.0,0.0,0.0,0.0,0.0,0.0,0.0,0.3432902808844276,0.1976077552950033,0.0,0.0,0.0,0.24287651437823626,0.0,0.0,0.13438974027282222,0.0,0.0,0.0,0.0,0.2359132767342749,0.0,1.3128862471466507,0.0,0.0,0.0,0.0,0.0,0.0,0.0,0.0,0.0,0.0,0.0,0.0,0.0,0.0,0.0,0.0,0.0,0.0,0.0,0.0,0.0,0.8164273930081839,0.0,0.0,0.0,3.0
D261,0.0,0.0,0.2562119976887951,0.0,0.0,0.18741449259908782,0.06461045205437564,0.0,0.0,0.0,0.14667107363028362,0.0,0.0,0.0,0.0,0.0,0.0,0.0,0.0,0.0,0.22683968916804312,0.0,0.0,0.0,0.0,0.07481484149785929,0.9781134303109508,0.0,0.0,0.0,0.0,0.0,0.0,0.0,0.0,0.0,0.0,0.5681304612923362,0.0972844309521423,0.0,0.0,0.0,0.0,0.0,0.11214661991893947,0.0,0.0,0.0,5.0
D262,0.8663477244278636,0.0,0.20118660221225879,0.0,0.0,0.0,0.135291684838862,0.03839936027802801,0.0,0.0,0.05118722032741139,0.0,0.020375546508309125,0.0,0.1669617224758924,0.09019445655924134,0.541166739355448,0.1851788950736073,0.0,0.0,0.11874829365858736,0.0,0.0,0.30122206433884385,0.0,0.0,0.03792833585103141,0.0,0.0,0.0,0.0,0.20610304806367782,0.01944375828781166,0.0,0.0,0.0,0.0,0.13879160262461027,0.0339516134866962,0.0,0.0,0.0,0.0,0.0,0.0,0.0,0.0,0.0,5.0
D263,0.0,0.0,0.0,0.0,0.0,3.248517871642557,0.0,0.0,0.0,0.0,0.0,0.0,0.0,0.0,0.0,0.0,0.0,0.0,0.0,0.0,0.0,0.0,0.0,0.0,0.0,0.0,0.0,0.0,0.0,0.0,0.0,0.0,0.0,0.0,0.0,0.0,0.0,0.0,0.0,0.0,0.0,0.0,0.0,0.0,0.0,0.0,0.0,0.0,5.0
D264,0.10856670390192864,0.0,0.0,0.0,0.0,0.0,0.0,0.19729326487621665,0.17035151318544164,0.0,0.0,0.0,0.0,0.0,0.0,0.0,0.0,0.0,0.0,0.0,0.10168675721310562,0.0,0.0,0.15476581926332098,0.0,0.0,0.0,0.2836907109790476,0.1418453554895238,0.0,0.3161047543751934,0.0,0.2997020674009543,0.0,0.13975485128896428,0.7506222400171373,0.0,0.0,0.26166157290536296,0.09990068913365142,0.0,0.15328723705727063,0.0,0.0,0.10054524544441308,0.0,0.0,0.0,7.0
D265,0.0,0.0,0.0,0.0,0.0,0.295319806517658,0.0,0.7802051838242726,0.0,0.0,0.0,0.0,0.0,0.0,0.0,0.0,0.0,0.0,0.0,0.0,0.2680832690148567,0.0,0.0,0.0,0.0,0.0,0.0,0.0,0.0,0.0,0.0,0.0,0.5267490881562807,0.0,0.0,0.0,0.0,0.0,0.689835055837519,0.0,0.0,0.0,0.0,0.0,0.0,0.0,0.0,0.0,2.0
D266,0.0,0.0,0.0,0.0,0.0,0.0,1.1199145022406676,0.0,0.0,0.0,0.8474328698372428,0.0,0.0,0.0,0.0,0.0,0.0,0.0,0.0,0.0,0.0,0.0,0.0,0.0,0.0,0.0,0.9418870069365158,0.0,0.0,0.0,0.0,0.0,0.0,0.0,0.0,0.0,0.0,0.0,0.0,0.0,0.0,0.0,0.0,0.0,0.0,0.0,0.0,0.0,5.0
D267,0.0,0.0,0.0,0.0,0.0,0.0,0.33597435068003967,0.0,0.0,0.0,0.25422986095710487,0.0,0.6071912859419475,0.0,0.0,0.0,0.0,0.0,0.0,0.0,0.2948915959160742,0.0,0.0,0.0,0.0,0.0,0.5651322041750959,0.0,0.0,0.0,0.0,0.0,0.0,0.0,0.0,0.36280074933923934,0.0,0.0,0.0,0.0,0.0,0.2222664937315862,0.0,0.0,0.0,0.0,0.0,0.0,5.0
D269,0.0,0.0,0.0,0.0,0.0,0.0,0.0,0.0,0.0,0.0,0.0,0.0,0.0,0.0,1.77694976060786,0.0,0.0,0.0,0.0,0.0,0.4914859931901805,0.0,0.0,0.0,0.0,0.0,0.0,0.0,0.0,0.0,0.0,0.0,0.0,0.0,0.0,0.0,0.0,0.0,0.0,0.0,0.0,0.3704441562168406,0.0,0.0,0.0,0.0,0.0,0.0,15.0
D270,0.0,0.0,0.0,0.0,0.0,0.0,1.6798717533750003,0.0,0.0,0.0,0.0,0.0,0.0,0.0,0.0,0.0,0.0,0.0,0.0,0.0,0.0,0.0,0.0,0.0,0.0,0.0,1.4128305104165473,0.0,0.0,0.0,0.0,0.0,0.0,0.0,0.0,0.0,0.0,0.0,0.0,0.0,0.0,0.0,0.0,0.0,0.0,0.0,0.0,0.0,9.0
D271,0.0,0.0,2.498066977408105,0.0,0.0,0.0,0.8399358766875001,0.0,0.0,0.0,0.0,0.0,0.0,0.0,0.0,0.0,0.0,0.0,0.0,0.0,0.0,0.0,0.0,0.0,0.0,0.0,0.0,0.0,0.0,0.0,0.0,0.0,0.0,0.0,0.0,0.0,0.0,0.0,0.0,0.0,0.0,0.0,0.0,0.0,0.0,0.0,0.0,0.0,5.0
D272,1.5742172065637159,0.0,0.0,0.0,0.0,0.0,0.4199679383489997,0.0,0.0,0.0,0.0,0.0,0.0,0.0,0.888474880307632,0.0,0.4199679383489997,0.0,0.0,0.0,0.0,0.0,0.0,0.0,0.0,0.0,0.0,0.0,0.0,0.0,0.0,0.0,0.0,0.0,0.0,0.0,0.0,0.0,0.0,0.0,0.0,0.0,0.0,0.0,0.0,0.0,0.0,0.0,7.0
D273,0.0,0.0,0.0,0.0,0.0,0.0,0.0,0.0,0.0,0.0,0.14954697703464673,0.0,0.0,0.0,0.0,0.0,0.0,0.0,0.0,0.0,0.5203969339732162,0.0,0.0,0.5280245598398334,0.0,0.0,0.16621535417031913,0.0,0.0,0.17985074323247457,0.0,0.0,0.1704188226398447,0.0,0.0,0.0,0.0,0.17378108227747885,0.0,0.1704188226398447,0.0,0.39223498894086195,0.0,0.0,0.0,0.0,0.0,0.0,3.0
D274,0.0,0.0,0.0,0.0,0.0,0.0,0.0,0.0,0.0,0.0,0.0,0.0,0.0,0.0,0.0,0.39526394197814485,0.0,0.0,0.0,0.0,0.08673282232861428,0.0,0.0,0.0,0.0,0.0,1.662153541698303,0.0,0.0,0.0,0.5392375221681351,0.16422114524774312,0.0,0.0,0.0,0.0,0.0,0.0,0.0,0.0,0.0,0.13074499631323613,0.0,0.0,0.0,0.0,0.0,0.0,5.0
D275,0.0,0.0,0.0,0.0,0.0,0.0,0.0,0.0,0.0,0.0,0.0,0.0,0.0,0.0,0.0,0.0,0.0,0.0,0.0,3.5209579052593054,0.2948915959131253,0.0,0.0,0.0,0.0,0.0,0.0,0.0,0.0,0.0,0.0,0.0,0.0,0.0,0.0,0.0,0.0,0.0,0.0,0.0,0.0,0.0,0.0,0.0,0.0,0.0,0.0,0.0,1.0
D276,0.0,0.0,0.27756299749441543,0.0,0.0,0.0,0.0,0.7151880851727916,0.0,0.0,0.21185821746460715,0.0,0.0,0.0,0.0,0.0,0.0,0.0,0.0,0.0,0.12287149829856905,0.0,0.0,0.0,0.0,0.0,0.0,0.0,0.0,0.0,0.0,0.46529324486746504,0.0,0.0,0.0,0.0,0.0,0.0,0.4215658674565809,0.0,0.0,0.18522207810996386,0.0,0.0,0.0,0.0,0.0,0.400555207477522,10.0
D277,0.0,0.0,0.6661511939877074,0.0,0.0,0.0,0.0,0.19071682271306228,0.0,0.0,0.0,0.0,0.0,0.0,0.0,0.0,0.0,0.0,0.0,0.0,0.2948915959170572,0.0,0.0,0.0,0.0,0.0,0.0,0.0,0.0,0.0,0.0,0.0,0.38628266464887556,0.0,0.0,0.0,0.0,0.3939037864941512,0.0,0.19314133232443778,0.0,0.2963553249764361,0.0,0.0,0.19438747452523966,0.0,0.0,0.0,1.0
D278,0.0,0.0,0.0,0.0,0.0,0.295319806517658,0.0,0.0,0.0,0.0,0.0,0.989456589107916,0.0,0.0,0.0,0.0,0.0,0.0,0.0,0.0,0.2680832690148567,0.0,0.0,0.0,0.0,0.0,0.0,0.0,0.3739559371975435,0.0,0.0,0.0,0.0,0.0,0.0,0.0,0.0,0.0,0.22994501861250632,0.0,0.0,0.6061813465412407,0.0,0.0,0.0,0.0,0.0,0.0,12.0
D279,0.0,0.0,0.0,0.0,0.0,0.0,0.0,0.0,0.0,0.0,0.0,0.0,0.0,0.0,0.0,0.0,0.0,0.0,0.0,0.0,0.0,0.0,0.0,0.0,0.0,0.0,0.0,0.0,0.0,0.0,0.0,0.0,0.0,0.0,0.0,0.0,0.0,0.0,0.0,0.0,0.0,0.0,0.0,0.0,0.0,0.0,0.0,0.0,1.0
D280,0.0,0.0,0.10744374096612895,0.0,0.591421798508558,0.0,0.0,0.18456466714230826,0.0,0.0,0.08200963256736357,0.0,0.09793407837839689,0.0,0.0,0.0,0.0,1.0172038844570324,0.0,0.0,0.0,0.0,0.0,0.0,0.0,0.0,0.3646014220509189,0.0,0.0,0.0,0.0,0.0,0.0,0.0,0.0,0.0,0.0,0.0,0.24478018110507144,0.0,0.0,0.0,0.0,0.0,0.0,0.0,0.0,1.0853754009123775,11.0
D281,0.0,0.0,0.4758222814195644,0.0,0.0,0.0,0.7199450371735706,0.0,0.0,0.0,0.1815927578270223,0.0,0.0,0.0,0.0,0.0,0.0,0.0,0.0,0.0,0.21063685422636913,0.0,0.0,0.0,0.0,0.0,0.40366586012622185,0.0,0.0,0.0,0.0,0.0,0.0,0.0,0.0,0.0,0.0,0.0,0.0,0.0,0.0,0.6350471249492035,0.0,0.0,0.0,0.0,0.0,0.0,5.0
D282,1.1171864046702837,0.0,0.0,0.0,0.0,0.0,0.0,0.0,0.0,0.0,0.0,0.0,0.0,0.0,1.203740160429897,0.0,0.487704702604148,0.0,0.0,0.0,0.1426894818960714,0.0,0.0,0.0,0.0,0.0,0.0,0.0,0.0,0.0,0.0,0.0,0.0,0.0,0.0,0.0,0.0,0.0,0.0,0.09345548338326479,0.0,0.07169886894627431,0.0,0.0,0.0,0.0,0.0,0.0,15.0
D283,0.0,0.0,0.0,0.0,0.0,0.0,0.0,0.0,0.0,0.0,0.0,0.0,0.0,0.0,0.0,0.0,0.0,0.0,0.0,0.0,0.0,0.0,4.6888794539576395,0.0,0.0,0.0,0.0,0.0,0.0,0.0,0.0,0.0,0.0,0.0,0.0,0.0,0.0,0.0,0.0,0.0,0.0,0.0,0.0,0.0,0.0,0.0,0.0,0.0,15.0
D284,0.0,0.0,0.0,0.0,0.0,0.0,0.0,0.0,0.0,0.0,0.0,0.0,0.0,0.0,0.0,0.0,0.0,0.0,0.0,0.0,0.0,0.0,0.0,0.0,0.0,0.0,0.0,0.0,0.0,0.0,0.0,0.0,0.0,0.0,0.0,0.0,0.0,0.0,0.0,0.0,0.0,0.0,0.0,0.0,0.0,0.0,0.0,0.0,1.0
D285,0.8586639308558633,0.0,0.0,0.0,0.0,0.0,0.0,0.0,0.0,0.0,0.0,0.0,0.0,0.0,1.2923270986336886,0.0,0.9162936836736686,0.0,0.0,0.0,0.0,0.0,0.0,0.0,0.0,0.0,0.0,0.0,0.0,0.0,0.0,0.0,0.0,0.0,0.0,0.0,0.0,0.0,0.0,0.0,0.40801897805554393,0.0,0.0,0.0,0.0,0.0,0.0,0.0,8.0
D286,0.0,0.0,0.0,0.0,0.0,0.0,0.0,0.0,0.0,0.0,0.31778732619558664,0.0,0.0,0.0,0.0,0.4199679383489997,0.0,0.0,0.0,0.0,1.1058434846825138,0.0,0.0,0.0,0.0,0.0,0.0,0.0,0.0,0.0,0.0,0.0,0.0,0.0,0.0,0.0,0.0,0.0,0.0,0.0,0.0,0.0,0.0,0.0,0.0,0.0,0.0,0.0,5.0
D287,0.0,0.0,0.0,0.0,0.0,0.0,0.0,0.0,0.0,0.0,0.0,0.0,0.0,0.0,0.0,0.0,0.0,0.0,0.0,0.0,0.3686144948957072,0.0,0.0,0.0,0.0,0.0,0.0,0.0,0.0,0.0,0.0,0.0,0.0,0.0,0.0,0.0,0.0,0.0,0.0,0.0,0.0,0.18522207810996386,0.0,0.7480347931023972,1.4579060589368678,0.0,0.0,0.0,5.0
D289,0.0,0.0,0.0,0.0,0.0,0.0,0.0,0.0,0.0,0.0,0.0,0.0,0.0,0.0,0.0,0.0,0.0,0.0,0.0,0.0,0.4914859931901805,0.0,0.0,0.0,0.0,0.0,0.0,0.0,0.0,0.0,0.0,0.0,0.0,0.0,0.0,0.0,0.0,0.0,0.0,0.0,0.0,1.4817766248673625,0.0,0.0,0.0,0.0,0.0,0.0,5.0
D290,0.0,0.0,0.0,0.0,0.0,0.0,0.0,0.0,0.0,0.0,0.0,0.0,0.0,0.0,0.0,0.0,0.0,0.0,0.0,0.0,0.0,0.0,0.0,0.0,0.0,0.0,0.0,0.0,0.0,0.0,0.0,0.0,0.0,0.0,0.0,0.0,0.0,0.0,0.0,0.0,0.0,0.0,0.0,0.0,0.0,0.0,0.0,0.0,1.0
D291,0.0,0.0,0.0,0.0,0.0,0.0,0.5599572511296664,0.0,0.0,0.0,0.0,0.0,0.0,0.0,0.0,0.0,0.0,0.0,0.0,0.0,0.24574299659509025,0.0,0.0,0.0,0.0,0.0,0.0,0.0,0.0,0.0,0.0,0.9305864897271752,0.48285333080626597,0.0,0.0,0.0,0.8233656470520843,0.0,0.0,0.0,0.0,0.0,0.0,0.0,0.0,0.0,0.0,0.0,5.0
D292,1.3993041836141353,0.0,0.0,0.0,0.0,0.0,0.0,0.0,0.0,0.0,0.0,0.0,0.0,0.0,0.7897554491634363,0.0,0.37330483408851817,0.0,0.0,0.0,0.163828664397637,0.0,0.0,0.49868986206687954,0.0,0.0,0.0,0.0,0.0,0.0,0.0,0.0,0.0,0.0,0.0,0.0,0.0,0.0,0.0,0.0,0.0,0.0,0.0,0.0,0.0,0.0,0.0,0.0,8.0
D293,0.726561787652011,0.0,0.0,0.0,0.0,0.0,0.0,0.0,0.0,0.0,0.0,0.0,0.0,0.0,0.3645025150016245,0.0,0.25844180821733687,0.0,0.0,0.0,0.15122645944526514,0.0,0.0,0.0,0.0,0.0,0.0,0.21094950303588855,0.10547475151794428,0.0,0.0,0.0,0.0,0.0,0.10392027403547557,0.0,0.0,0.0,0.06485628730138662,0.14857025563479245,0.0,0.3419484518972907,0.6771072894847493,0.0,0.0,0.0,0.0,0.0,7.0
D294,0.0,0.0,0.0,0.0,0.0,0.0,0.0,0.4086789058135103,0.0,0.0,0.0,0.2591433923859114,0.0,0.0,0.0,0.0,0.0,0.0,0.0,0.0,0.42127370845273826,0.0,0.0,0.0,0.0,0.0,0.0,0.0,0.0,0.0,0.0,0.0,0.0,0.0,0.0,0.0,0.0,0.21101988562176624,0.5420132581591065,0.0,0.0,0.4762853437119026,0.0,0.0,0.0,0.0,0.0,0.0,2.0
D295,0.0,0.0,0.0,0.0,0.0,0.885959419552974,0.0,0.0,0.0,3.2418556304755013,0.0,0.0,0.0,0.0,0.0,0.0,0.0,0.35833318656798924,0.0,0.0,0.0,0.0,0.0,0.0,0.0,0.0,0.0,0.0,0.0,0.0,0.0,0.0,0.0,0.0,0.0,0.0,0.0,0.0,0.0,0.0,0.0,0.0,0.0,0.0,0.0,0.0,0.0,0.0,2.0
D296,0.0,0.0,0.0,0.0,0.0,0.0,0.0,0.0,0.0,0.0,0.0,0.0,0.0,0.0,0.0,0.6719487013533598,0.0,0.0,0.0,0.0,0.884674787739376,0.0,0.0,0.0,0.0,0.0,0.0,0.0,0.0,0.0,0.0,0.0,0.0,0.0,0.0,0.0,0.0,0.5908556797333487,0.0,0.0,0.0,0.0,0.0,0.0,0.0,0.0,0.0,0.0,2.0
D297,0.0,0.0,0.0,0.0,0.0,0.0,0.0,0.0,0.0,0.0,0.0,0.0,0.0,0.0,0.0,0.4199679383489997,0.0,0.49270813152930554,0.0,0.0,0.18430724744708563,0.0,0.0,0.0,0.0,0.0,0.0,0.0,0.0,0.0,2.291759469199408,0.0,0.0,0.0,0.0,0.0,0.0,0.0,0.31617440059111834,0.0,0.0,0.0,0.0,0.0,0.0,0.0,0.0,0.0,5.0
D298,0.0,0.0,0.0,0.0,0.0,1.0828392905565425,0.0,0.0,0.0,0.0,0.0,0.6046679155613678,0.0,0.6754817812210652,0.0,0.0,0.0,0.0,0.0,0.0,0.0,0.0,0.0,0.0,0.0,0.0,0.0,0.6855858848569693,0.0,0.0,0.0,0.0,0.0,0.0,0.6754817812210652,0.0,0.0,0.0,0.0,0.0,0.0,0.0,0.0,0.0,0.0,0.0,0.0,0.0,12.0
D299,0.0,0.0,0.0,0.0,0.0,1.6242589357806718,0.0,0.0,0.0,0.0,0.0,0.0,0.0,0.0,0.0,0.0,0.0,0.0,0.0,0.0,0.0,0.0,0.0,0.0,0.0,0.0,1.4128305103812266,0.0,0.0,0.0,0.0,0.0,0.0,0.0,0.0,0.0,0.0,0.0,0.0,0.0,0.0,0.0,0.0,0.0,0.0,0.0,0.0,0.0,8.0
D300,0.0,0.0,0.0,0.0,1.5278396461265726,0.0,0.0,0.0,0.0,0.0,0.42371643492568334,0.0,0.0,0.0,0.0,0.0,0.0,0.0,0.0,0.0,0.7372289897852707,0.0,0.0,0.0,0.0,0.0,0.0,0.0,0.0,0.0,0.0,0.0,0.0,0.0,0.0,0.0,0.0,0.0,0.0,0.0,0.0,0.0,0.0,0.0,0.0,0.0,0.0,0.0,11.0
D301,0.0,0.0,0.0,0.0,0.0,0.0,0.0,0.0,0.0,0.0,0.0,0.0,0.0,0.0,0.0,0.0,0.0,0.0,0.0,0.0,0.0,0.0,0.0,0.0,0.0,0.0,0.0,0.0,0.0,0.0,0.0,0.0,0.0,0.0,0.0,0.0,0.0,2.954278398430402,0.0,0.0,0.0,0.0,0.0,0.0,0.0,0.0,0.0,0.0,9.0
D302,0.0,0.0,0.0,0.0,0.0,0.0,0.0,0.0,0.0,0.0,0.6779462958878727,0.0,0.0,0.0,0.0,0.22398290045410638,0.0,0.0,0.0,0.0,0.2948915959170572,0.26638215156849016,0.0,0.0,0.13508610847166497,0.0,0.0,0.0,0.0,0.40766168465875696,0.0,0.0,0.0,0.0,0.0,0.0,0.0,0.0,0.16862634698291343,0.0,0.0,0.2963553249764361,0.0,0.0,0.0,0.0,0.0,0.0,3.0
D303,0.0,0.0,0.0,0.0,0.0,0.0,0.25844180821601154,0.22005787236100002,0.0,0.0,0.0,0.0,0.0,0.0,0.0,0.0,0.0,0.0,0.0,0.0,0.34025953375010165,0.0,0.0,0.0,0.0,0.0,0.0,0.0,0.0,0.0,0.0,0.0,0.0,0.0,0.0,0.0,0.0,0.45450436903124686,0.0,0.0,0.0,0.3419484518955371,0.0,0.0,0.8971729593463399,0.0,0.0,0.0,5.0
D304,0.0,0.0,0.0,0.0,0.0,0.0,0.0,1.0096772967170042,0.0,0.0,0.5981879081368275,0.0,0.0,0.0,0.0,0.19763197098907243,0.0,0.0,0.0,0.0,0.08673282232861428,0.0,0.0,0.0,0.0,0.0,0.1662153541698303,0.0,0.0,0.0,0.0,0.0,0.34083764527868704,0.0,0.0,0.0,0.0,0.17378108227696776,0.0,0.0,0.0,0.0,0.0,0.0,0.17151835987534603,0.0,0.0,0.0,3.0
D305,0.0,0.0,0.0,0.0,0.0,0.0,0.0,0.0,0.0,0.0,0.0,1.2093358311227356,0.0,0.0,0.0,0.0,0.0,0.0,0.0,0.0,0.24574299659509025,0.0,0.0,0.0,0.0,0.0,0.0,0.0,0.0,0.0,0.0,0.4652932448635876,0.0,0.0,0.0,0.0,0.0,0.0,0.0,0.0,0.0,0.7408883124336813,0.0,0.0,0.0,0.0,0.0,0.0,3.0
D306,0.0,0.0,0.1665377984972044,0.0,0.0,0.0,0.6719487013634391,0.0,0.0,0.0,0.127114930479188,0.0,0.0,0.0,0.0,0.0,0.0,0.0,0.0,0.0,0.14744579795877436,0.0,0.0,0.0,0.0,0.0,1.5541135614892845,0.0,0.0,0.0,0.0,0.0,0.0,0.0,0.0,0.0,0.0,0.0,0.0,0.0,0.0,0.11113324686634876,0.0,0.0,0.0,0.0,0.0,0.0,5.0
D307,0.0,0.0,0.0,0.0,0.0,0.0,0.0,0.0,0.0,0.0,0.0,0.0,0.0,0.0,0.0,0.0,0.0,0.0,0.0,0.0,0.0,0.0,0.0,0.0,0.0,0.0,0.0,0.0,0.0,0.0,0.0,0.0,0.0,0.0,0.0,0.0,0.0,0.0,0.0,0.0,0.0,0.0,0.0,0.0,0.0,0.0,0.0,0.0,9.0
D308,0.0,0.0,0.0,0.0,0.0,0.0,0.0,0.0,0.0,0.0,0.0,0.0,0.0,0.0,0.0,0.0,0.0,0.0,0.0,0.0,0.0,0.0,0.0,0.0,0.0,0.0,0.0,0.0,0.0,0.0,0.0,0.0,0.0,0.0,0.0,0.0,0.0,0.0,0.0,0.0,0.0,0.0,0.0,0.0,0.0,0.0,0.0,0.0,1.0
D309,1.358148178226147,0.0,0.0,0.0,0.0,0.0,0.0,0.0,0.5811992802806065,0.0,0.24924496172465557,0.0,0.0,0.0,0.0696843043385879,0.0,0.13175464732656494,0.0,0.0,0.0,0.028910940776318127,0.0,0.0,0.0,0.0,0.0,0.0,0.16131432585107092,0.0,0.0,0.0,0.0,0.0,0.0,0.07946844485070573,0.0,0.0,0.0,0.04959598440697263,0.11361254842667452,0.0,0.2179083271895814,0.0,0.0,0.17151835987601863,0.0,0.0,0.0,9.0
D310,0.0,0.0,0.0,0.0,0.0,0.0,0.0,0.13622630193816113,0.0,0.0,0.0,0.0,0.0,0.0,0.0,0.0,0.0,0.0,0.0,0.6287424830915997,0.42127370845374135,0.0,0.0,0.0,0.0,0.0,0.0,0.0,0.0,0.0,0.0,0.0,0.0,0.0,0.0,0.17276226159101896,0.0,0.0,0.0,0.0,0.0,0.7408883124425015,0.0,0.0,0.2776963921794428,0.0,0.29490270718384387,0.0,5.0
D311,0.9582191692205082,0.0,0.0,0.0,0.0,0.0,0.0,0.0,0.0,0.0,0.0,0.0,0.0,0.0,0.0,0.0,0.0,0.0,0.0,0.0,0.3846412120666187,0.0,0.0,0.0,0.0,0.0,0.12285482699528048,0.7153939668160852,0.1788484917040213,0.0,0.0,0.0,0.0,0.0,0.1762126385815791,0.0,0.0,0.0,0.109973704554329,0.0,0.0,0.19327521194160216,0.0,0.0,0.0,0.0,0.0,0.0,7.0
D312,0.0,0.0,0.0,0.0,0.0,0.0,1.007923052040119,0.0,0.0,0.0,0.0,0.0,0.0,0.0,0.0,0.0,0.0,0.0,0.0,0.0,0.2948915959160742,0.0,0.0,0.0,0.0,0.0,0.0,0.0,0.0,0.0,0.0,0.0,0.0,0.0,0.0,0.0,0.0,0.0,0.0,0.0,0.0,0.8890659749263448,0.0,0.0,0.29158121178688756,0.0,0.0,0.0,5.0
D313,1.3993041836141353,0.0,0.0,0.0,0.0,0.0,0.0,0.0,0.0,0.0,0.0,0.0,0.0,0.0,1.1846331737451545,0.0,0.7466096681770363,0.0,0.0,0.0,0.0,0.0,0.0,0.0,0.0,0.0,0.0,0.0,0.0,0.0,0.0,0.0,0.0,0.0,0.0,0.0,0.0,0.0,0.0,0.0,0.0,0.0,0.0,0.0,0.0,0.0,0.0,0.0,8.0
